history_window,feature_group,feature_names,model,n_rows,n_cells,mae,rmse,r2,mae_ci_low,mae_ci_high,rmse_ci_low,rmse_ci_high,r2_ci_low,r2_ci_high
25,capacity,soh_observed;capacity_obs;capacity_slope;cycle;efc,local_linear,1944,108,0.012589159438524195,0.015275403823481457,0.9152781798507732,0.012114406444435968,0.012939008213363171,0.014747270059466926,0.015634253919084778,0.9061979900619268,0.9229711459156841
25,capacity,soh_observed;capacity_obs;capacity_slope;cycle;efc,persistence,1944,108,0.018056177513281254,0.019355497092331524,0.8639750621679044,0.017206946450582912,0.01890716655309017,0.018510649376860845,0.020256037576266532,0.8517874078045385,0.8770218323715656
25,capacity,soh_observed;capacity_obs;capacity_slope;cycle;efc,random_forest,1944,108,0.004028772120882222,0.005104396955683311,0.9905398339563349,0.0038626015804404243,0.004250787700571733,0.004909162540926756,0.005404045733317417,0.9891332944829755,0.9915173718018576
25,capacity,soh_observed;capacity_obs;capacity_slope;cycle;efc,ridge,1944,108,0.004044267267780564,0.00521161200674625,0.990138249083889,0.0038345131254184125,0.004209825237489847,0.0049349158362909295,0.005430120648254725,0.988781564979929,0.9914809854956684
25,capacity_resistance,soh_observed;capacity_obs;capacity_slope;resistance_growth;resistance_slope;cycle;efc,local_linear,1944,108,0.012589159438524195,0.015275403823481457,0.9152781798507732,0.012179058691051991,0.013046652234337442,0.014799448860164915,0.015792814559219367,0.9043866930045764,0.9208907403834189
25,capacity_resistance,soh_observed;capacity_obs;capacity_slope;resistance_growth;resistance_slope;cycle;efc,persistence,1944,108,0.018056177513281254,0.019355497092331524,0.8639750621679044,0.017225644671081945,0.01914986527956112,0.018544660384966577,0.020364622297518956,0.8480921991141046,0.878112459767096
25,capacity_resistance,soh_observed;capacity_obs;capacity_slope;resistance_growth;resistance_slope;cycle;efc,random_forest,1944,108,0.003783539645981778,0.0048039604756763,0.9916206809204274,0.0035727920800953552,0.00396285068782498,0.004509453819737924,0.005077240461170179,0.9903440788583273,0.992637759594356
25,capacity_resistance,soh_observed;capacity_obs;capacity_slope;resistance_growth;resistance_slope;cycle;efc,ridge,1944,108,0.003850977078446834,0.00496184328212442,0.9910608553803393,0.0036829658156521798,0.004026755106718997,0.004702011670545517,0.00521690082489979,0.9898167094973443,0.9919514835007389
25,capacity_operating,soh_observed;capacity_obs;capacity_slope;cycle;efc;temperature;c_rate;dod,local_linear,1944,108,0.012589159438524195,0.015275403823481457,0.9152781798507732,0.01206029039101082,0.012932445036223731,0.014700912834267492,0.015607824611500898,0.9048340821847641,0.9231579197109242
25,capacity_operating,soh_observed;capacity_obs;capacity_slope;cycle;efc;temperature;c_rate;dod,persistence,1944,108,0.018056177513281254,0.019355497092331524,0.8639750621679044,0.017299740795248323,0.018851345166375655,0.018565837714374093,0.020099005174178026,0.8509588763187921,0.8749886082458077
25,capacity_operating,soh_observed;capacity_obs;capacity_slope;cycle;efc;temperature;c_rate;dod,random_forest,1944,108,0.0036934513752038306,0.004677705217715222,0.9920553352295801,0.003516962245328939,0.003959018635393459,0.004433134369318118,0.004986601689823072,0.9908847640194123,0.992957398811964
25,capacity_operating,soh_observed;capacity_obs;capacity_slope;cycle;efc;temperature;c_rate;dod,ridge,1944,108,0.0035065497246004216,0.004383618904001629,0.993022891777005,0.0033358220951657056,0.0036569204234032154,0.004187555493068496,0.004576967452121537,0.9917886682481009,0.9937699150390661
25,all,soh_observed;capacity_obs;resistance_growth;capacity_slope;resistance_slope;cycle;efc;temperature;c_rate;dod,local_linear,1944,108,0.012589159438524195,0.015275403823481457,0.9152781798507732,0.012070124167737591,0.013125437704228258,0.01470464464283089,0.01588223465682335,0.9011453539267094,0.9230779656961582
25,all,soh_observed;capacity_obs;resistance_growth;capacity_slope;resistance_slope;cycle;efc;temperature;c_rate;dod,persistence,1944,108,0.018056177513281254,0.019355497092331524,0.8639750621679044,0.017221150148997232,0.019016275898986187,0.018421870474608734,0.02038632676262473,0.8492866037629421,0.8774271791590391
25,all,soh_observed;capacity_obs;resistance_growth;capacity_slope;resistance_slope;cycle;efc;temperature;c_rate;dod,random_forest,1944,108,0.003572691904244136,0.004533474094781122,0.9925377094600065,0.00341543841080415,0.0038170182853923262,0.004290425153122634,0.004854891412692717,0.9914406618573407,0.993411551103491
25,all,soh_observed;capacity_obs;resistance_growth;capacity_slope;resistance_slope;cycle;efc;temperature;c_rate;dod,ridge,1944,108,0.003479908605610816,0.004328126213974401,0.9931984215599307,0.0032399925727841965,0.003689726486015928,0.004022873285381472,0.004563786608778872,0.9920180085130318,0.9939793600410625
50,capacity,soh_observed;capacity_obs;capacity_slope;cycle;efc,local_linear,1944,108,0.010606414439382416,0.012165698299078353,0.9462616953216799,0.010069429685031134,0.011104108314700614,0.011587812944310058,0.012632753985420908,0.9391263321032162,0.9509740368055002
50,capacity,soh_observed;capacity_obs;capacity_slope;cycle;efc,persistence,1944,108,0.018056177513281254,0.019355497092331524,0.8639750621679044,0.017301676919661106,0.018879667062414878,0.01856438862317326,0.0202004980495023,0.8507975594373796,0.875047907534172
50,capacity,soh_observed;capacity_obs;capacity_slope;cycle;efc,random_forest,1944,108,0.004161037248221919,0.005262529240246,0.9899446099629685,0.003913416680290581,0.004338284779090513,0.0049751218203436505,0.0054950414431304455,0.9884712055361171,0.9911435846520238
50,capacity,soh_observed;capacity_obs;capacity_slope;cycle;efc,ridge,1944,108,0.004088127284291773,0.005241882896331871,0.990023355289327,0.0038808755216927834,0.004234047275782132,0.004994352247980895,0.005427950579697936,0.9882961690533303,0.9912916803424411
50,capacity_resistance,soh_observed;capacity_obs;capacity_slope;resistance_growth;resistance_slope;cycle;efc,local_linear,1944,108,0.010606414439382416,0.012165698299078353,0.9462616953216799,0.010168116745892844,0.011066350113372732,0.011698754930766003,0.01262209087779852,0.9396156583200312,0.9514002937642885
50,capacity_resistance,soh_observed;capacity_obs;capacity_slope;resistance_growth;resistance_slope;cycle;efc,persistence,1944,108,0.018056177513281254,0.019355497092331524,0.8639750621679044,0.017122877464070936,0.01869330477625358,0.018432916962589824,0.020044530542388826,0.8514481581841442,0.8747886376301048
50,capacity_resistance,soh_observed;capacity_obs;capacity_slope;resistance_growth;resistance_slope;cycle;efc,random_forest,1944,108,0.003839515979777592,0.004862994228236729,0.9914134760538156,0.0036638899301714148,0.004047917891274828,0.004613912605314504,0.005158373747297592,0.9896982094956572,0.9924785533222125
50,capacity_resistance,soh_observed;capacity_obs;capacity_slope;resistance_growth;resistance_slope;cycle;efc,ridge,1944,108,0.00382831555235056,0.004875396521027805,0.991369623079608,0.0036764332576363283,0.00401731890327151,0.004682426817186745,0.0051051736316061885,0.9901067583963563,0.9923141595943982
50,capacity_operating,soh_observed;capacity_obs;capacity_slope;cycle;efc;temperature;c_rate;dod,local_linear,1944,108,0.010606414439382416,0.012165698299078353,0.9462616953216799,0.010135360815326056,0.011044918518875492,0.011687364167193645,0.012611368893886199,0.9389166446467078,0.9505311272768031
50,capacity_operating,soh_observed;capacity_obs;capacity_slope;cycle;efc;temperature;c_rate;dod,persistence,1944,108,0.018056177513281254,0.019355497092331524,0.8639750621679044,0.01705746099522538,0.019069124736395462,0.01829139709728955,0.02037337467852661,0.8518030249002202,0.8741576445750526
50,capacity_operating,soh_observed;capacity_obs;capacity_slope;cycle;efc;temperature;c_rate;dod,random_forest,1944,108,0.0037697272514135576,0.00478542220497357,0.991685226981866,0.0035823693970783235,0.00395406045398498,0.004530881045491267,0.005030370660218243,0.9901237537558121,0.992695113438252
50,capacity_operating,soh_observed;capacity_obs;capacity_slope;cycle;efc;temperature;c_rate;dod,ridge,1944,108,0.003586421489665069,0.00450941392391961,0.9926167073946709,0.003387513591216429,0.00376024042415543,0.0042457142784929095,0.004723292819273225,0.9916537929983966,0.993494057857012
50,all,soh_observed;capacity_obs;resistance_growth;capacity_slope;resistance_slope;cycle;efc;temperature;c_rate;dod,local_linear,1944,108,0.010606414439382416,0.012165698299078353,0.9462616953216799,0.0100013161267916,0.011035694908638649,0.011539486110582484,0.01260537858592754,0.9384391455383977,0.9515175827936163
50,all,soh_observed;capacity_obs;resistance_growth;capacity_slope;resistance_slope;cycle;efc;temperature;c_rate;dod,persistence,1944,108,0.018056177513281254,0.019355497092331524,0.8639750621679044,0.017115840308764438,0.01890430207819377,0.018400704928707257,0.02014645723874161,0.8513975546871541,0.8745051774432281
50,all,soh_observed;capacity_obs;resistance_growth;capacity_slope;resistance_slope;cycle;efc;temperature;c_rate;dod,random_forest,1944,108,0.0036347730331318297,0.0046195995751482,0.992251483848253,0.003435993161655715,0.0038036056665183586,0.004337363952540218,0.004881799587465819,0.9910699596431051,0.9931342291136684
50,all,soh_observed;capacity_obs;resistance_growth;capacity_slope;resistance_slope;cycle;efc;temperature;c_rate;dod,ridge,1944,108,0.0035058300621258185,0.004402243201730538,0.9929634797779333,0.003328798505871523,0.0037039187764588894,0.004168137231354641,0.004646874633177463,0.9918683985330666,0.993893924084976
100,capacity,soh_observed;capacity_obs;capacity_slope;cycle;efc,local_linear,1944,108,0.009981784580527198,0.011243304065614556,0.9541015743585031,0.009507093696226314,0.010535071578209083,0.010752412944088635,0.011824498438933174,0.948650379479502,0.9588235584092331
100,capacity,soh_observed;capacity_obs;capacity_slope;cycle;efc,persistence,1944,108,0.018056177513281254,0.019355497092331524,0.8639750621679044,0.01716806957503457,0.018978285144157156,0.01843378399142322,0.020215944152291204,0.8488065562725164,0.8751416615249056
100,capacity,soh_observed;capacity_obs;capacity_slope;cycle;efc,random_forest,1944,108,0.0039682510143520255,0.0050083855312375225,0.9908923699432621,0.003813615230790312,0.004127321012288561,0.0047980330165053936,0.005230239419591124,0.9892445213664841,0.9920121291347412
100,capacity,soh_observed;capacity_obs;capacity_slope;cycle;efc,ridge,1944,108,0.0037664103988875857,0.004807697102319021,0.9916076406116927,0.003594233188717971,0.0039563873996767505,0.004607738929554774,0.0050473382852028415,0.990339326544247,0.9927097057905662
100,capacity_resistance,soh_observed;capacity_obs;capacity_slope;resistance_growth;resistance_slope;cycle;efc,local_linear,1944,108,0.009981784580527198,0.011243304065614556,0.9541015743585031,0.009435444926597958,0.010485212219065286,0.010740490137082202,0.011731922962660757,0.9476259343787047,0.9585723645538938
100,capacity_resistance,soh_observed;capacity_obs;capacity_slope;resistance_growth;resistance_slope;cycle;efc,persistence,1944,108,0.018056177513281254,0.019355497092331524,0.8639750621679044,0.017033203135336617,0.01898645562573465,0.01829888401323652,0.02020839466432261,0.8482735953311081,0.873704352612606
100,capacity_resistance,soh_observed;capacity_obs;capacity_slope;resistance_growth;resistance_slope;cycle;efc,random_forest,1944,108,0.003645549300725371,0.004611564177137721,0.9922784161657366,0.0034856673054761388,0.003838797873641213,0.0044123802037057255,0.004860352311938522,0.9911924843932864,0.9932076200088265
100,capacity_resistance,soh_observed;capacity_obs;capacity_slope;resistance_growth;resistance_slope;cycle;efc,ridge,1944,108,0.003511972691611947,0.0044562282537908915,0.9927898428106928,0.003369896780647911,0.0037386427922018145,0.004298754606792359,0.004721671943574957,0.9914531064750456,0.9936172499840227
100,capacity_operating,soh_observed;capacity_obs;capacity_slope;cycle;efc;temperature;c_rate;dod,local_linear,1944,108,0.009981784580527198,0.011243304065614556,0.9541015743585031,0.009468996820455051,0.010543928087814812,0.010728954467468282,0.011790591267464672,0.9489777751798907,0.959093771595871
100,capacity_operating,soh_observed;capacity_obs;capacity_slope;cycle;efc;temperature;c_rate;dod,persistence,1944,108,0.018056177513281254,0.019355497092331524,0.8639750621679044,0.017275913050560948,0.01893374790576807,0.01856623491367812,0.02017340292314822,0.851312674006427,0.8770491549235434
100,capacity_operating,soh_observed;capacity_obs;capacity_slope;cycle;efc;temperature;c_rate;dod,random_forest,1944,108,0.0037711125079655174,0.004780681825863002,0.9917016918422473,0.0035704252331984292,0.0039808833196994685,0.00452925396578163,0.0050748007211812544,0.9903063770231919,0.9925748982788832
100,capacity_operating,soh_observed;capacity_obs;capacity_slope;cycle;efc;temperature;c_rate;dod,ridge,1944,108,0.003441648257889088,0.004333961603425867,0.9931800687610453,0.0032912969395716227,0.003605967307751946,0.004131024493811396,0.0045446140679351885,0.9918771062341049,0.994171281638624
100,all,soh_observed;capacity_obs;resistance_growth;capacity_slope;resistance_slope;cycle;efc;temperature;c_rate;dod,local_linear,1944,108,0.009981784580527198,0.011243304065614556,0.9541015743585031,0.009530372134549806,0.01055489040279006,0.010818031036265382,0.01172483355745809,0.9476367368567884,0.9584577713895983
100,all,soh_observed;capacity_obs;resistance_growth;capacity_slope;resistance_slope;cycle;efc;temperature;c_rate;dod,persistence,1944,108,0.018056177513281254,0.019355497092331524,0.8639750621679044,0.016961255355907374,0.019101428725821847,0.018177463973706197,0.02033872633629,0.847259504758702,0.8715098279237363
100,all,soh_observed;capacity_obs;resistance_growth;capacity_slope;resistance_slope;cycle;efc;temperature;c_rate;dod,random_forest,1944,108,0.003591487891360371,0.004546215811218327,0.9924957037016702,0.003430843190567879,0.0037589201532758853,0.00431258756631417,0.004779581292384703,0.9915086064689036,0.9934604227297392
100,all,soh_observed;capacity_obs;resistance_growth;capacity_slope;resistance_slope;cycle;efc;temperature;c_rate;dod,ridge,1944,108,0.003345385328460225,0.004205981748378949,0.9935769005739102,0.003195479980462511,0.0035197083955797338,0.004027991687736861,0.004417641804096078,0.9924365245165404,0.9943825234393175
