scenario,group_number,group_signature,capacity_cv,soh_range,rul_cv,rul_consistency_status,right_censored_cell_count,resistance_range,weakest_soh,weakest_observed_or_censor_rul,post_750_event_count,rul_interpretation,trigger,mean_soh_change,mean_resistance_growth_increment,group_rul_change_status,mean_rul_change_cycles
baseline_use,1,"T25_C0p5_D100_0,T35_C0p5_D80_1,T35_C0p5_D80_3,T35_C1_D80_0|T25_C0p5_D100_1,T25_C2_D80_0,T35_C1_D80_2,T45_C2_D50_2|T25_C0p5_D100_3,T25_C1_D100_2,T25_C1_D100_3,T45_C0p5_D80_3|T25_C1_D100_0,T25_C2_D100_1,T35_C2_D80_3,T45_C0p5_D80_0|T25_C2_D100_3,T35_C2_D80_1,T35_C2_D80_2,T45_C0p5_D80_1|T25_C2_D80_2,T45_C1_D50_0,T45_C1_D50_3,baseline_0|T25_C2_D80_3,T35_C0p5_D80_0,T35_C1_D80_3,T45_C2_D50_0|T35_C0p5_D100_1,T35_C0p5_D100_3,T45_C0p5_D80_2,T45_C1_D80_2",0.024905891983646934,0.007765327075871076,,RIGHT_CENSORED_NOT_IDENTIFIABLE,4,0.012873884176626715,0.8155403216938131,250.0,0,observed event duration or 250-cycle right-censor lower bound,STABLE_UNDER_SCENARIO,-0.030468996120366132,0.05344720519561136,REFERENCE,
baseline_use,2,"T25_C0p5_D100_0,T35_C0p5_D80_1,T35_C0p5_D80_3,T35_C1_D80_0|T25_C0p5_D100_1,T25_C2_D80_0,T35_C1_D80_2,T45_C2_D50_2|T25_C0p5_D100_3,T25_C1_D100_2,T25_C1_D100_3,T45_C0p5_D80_3|T25_C1_D100_0,T25_C2_D100_1,T35_C2_D80_3,T45_C0p5_D80_0|T25_C2_D100_3,T35_C2_D80_1,T35_C2_D80_2,T45_C0p5_D80_1|T25_C2_D80_2,T45_C1_D50_0,T45_C1_D50_3,baseline_0|T25_C2_D80_3,T35_C0p5_D80_0,T35_C1_D80_3,T45_C2_D50_0|T35_C0p5_D100_1,T35_C0p5_D100_3,T45_C0p5_D80_2,T45_C1_D80_2",0.02025143746907312,0.009116607971383028,,RIGHT_CENSORED_NOT_IDENTIFIABLE,4,0.018986611092401073,0.83572130652145,250.0,0,observed event duration or 250-cycle right-censor lower bound,STABLE_UNDER_SCENARIO,-0.026784627943073347,0.05346606438138174,REFERENCE,
baseline_use,3,"T25_C0p5_D100_0,T35_C0p5_D80_1,T35_C0p5_D80_3,T35_C1_D80_0|T25_C0p5_D100_1,T25_C2_D80_0,T35_C1_D80_2,T45_C2_D50_2|T25_C0p5_D100_3,T25_C1_D100_2,T25_C1_D100_3,T45_C0p5_D80_3|T25_C1_D100_0,T25_C2_D100_1,T35_C2_D80_3,T45_C0p5_D80_0|T25_C2_D100_3,T35_C2_D80_1,T35_C2_D80_2,T45_C0p5_D80_1|T25_C2_D80_2,T45_C1_D50_0,T45_C1_D50_3,baseline_0|T25_C2_D80_3,T35_C0p5_D80_0,T35_C1_D80_3,T45_C2_D50_0|T35_C0p5_D100_1,T35_C0p5_D100_3,T45_C0p5_D80_2,T45_C1_D80_2",0.007526819762696532,0.017433351016401866,,RIGHT_CENSORED_NOT_IDENTIFIABLE,4,0.01611852167312211,0.8067655234465345,250.0,0,observed event duration or 250-cycle right-censor lower bound,STABLE_UNDER_SCENARIO,-0.031880251716365327,0.055874957721312735,REFERENCE,
baseline_use,4,"T25_C0p5_D100_0,T35_C0p5_D80_1,T35_C0p5_D80_3,T35_C1_D80_0|T25_C0p5_D100_1,T25_C2_D80_0,T35_C1_D80_2,T45_C2_D50_2|T25_C0p5_D100_3,T25_C1_D100_2,T25_C1_D100_3,T45_C0p5_D80_3|T25_C1_D100_0,T25_C2_D100_1,T35_C2_D80_3,T45_C0p5_D80_0|T25_C2_D100_3,T35_C2_D80_1,T35_C2_D80_2,T45_C0p5_D80_1|T25_C2_D80_2,T45_C1_D50_0,T45_C1_D50_3,baseline_0|T25_C2_D80_3,T35_C0p5_D80_0,T35_C1_D80_3,T45_C2_D50_0|T35_C0p5_D100_1,T35_C0p5_D100_3,T45_C0p5_D80_2,T45_C1_D80_2",0.0074749642101156,0.010743835760117615,,RIGHT_CENSORED_NOT_IDENTIFIABLE,3,0.01546593467499835,0.7975996383723343,232.0,1,observed event duration or 250-cycle right-censor lower bound,REJECT_FORCED_ASSIGNMENT,-0.031239184983179596,0.053403682767194594,REFERENCE,
baseline_use,5,"T25_C0p5_D100_0,T35_C0p5_D80_1,T35_C0p5_D80_3,T35_C1_D80_0|T25_C0p5_D100_1,T25_C2_D80_0,T35_C1_D80_2,T45_C2_D50_2|T25_C0p5_D100_3,T25_C1_D100_2,T25_C1_D100_3,T45_C0p5_D80_3|T25_C1_D100_0,T25_C2_D100_1,T35_C2_D80_3,T45_C0p5_D80_0|T25_C2_D100_3,T35_C2_D80_1,T35_C2_D80_2,T45_C0p5_D80_1|T25_C2_D80_2,T45_C1_D50_0,T45_C1_D50_3,baseline_0|T25_C2_D80_3,T35_C0p5_D80_0,T35_C1_D80_3,T45_C2_D50_0|T35_C0p5_D100_1,T35_C0p5_D100_3,T45_C0p5_D80_2,T45_C1_D80_2",0.016879819510739465,0.011344202293182226,,RIGHT_CENSORED_NOT_IDENTIFIABLE,4,0.013589383145670375,0.8103311780029061,250.0,0,observed event duration or 250-cycle right-censor lower bound,STABLE_UNDER_SCENARIO,-0.027948126659792655,0.05147778083769572,REFERENCE,
baseline_use,6,"T25_C0p5_D100_0,T35_C0p5_D80_1,T35_C0p5_D80_3,T35_C1_D80_0|T25_C0p5_D100_1,T25_C2_D80_0,T35_C1_D80_2,T45_C2_D50_2|T25_C0p5_D100_3,T25_C1_D100_2,T25_C1_D100_3,T45_C0p5_D80_3|T25_C1_D100_0,T25_C2_D100_1,T35_C2_D80_3,T45_C0p5_D80_0|T25_C2_D100_3,T35_C2_D80_1,T35_C2_D80_2,T45_C0p5_D80_1|T25_C2_D80_2,T45_C1_D50_0,T45_C1_D50_3,baseline_0|T25_C2_D80_3,T35_C0p5_D80_0,T35_C1_D80_3,T45_C2_D50_0|T35_C0p5_D100_1,T35_C0p5_D100_3,T45_C0p5_D80_2,T45_C1_D80_2",0.06376312241427057,0.012351441841293331,,RIGHT_CENSORED_NOT_IDENTIFIABLE,4,0.010285098915753021,0.8428454814372004,250.0,0,observed event duration or 250-cycle right-censor lower bound,REINSPECT,-0.02548131302863435,0.04673551842434015,REFERENCE,
baseline_use,7,"T25_C0p5_D100_0,T35_C0p5_D80_1,T35_C0p5_D80_3,T35_C1_D80_0|T25_C0p5_D100_1,T25_C2_D80_0,T35_C1_D80_2,T45_C2_D50_2|T25_C0p5_D100_3,T25_C1_D100_2,T25_C1_D100_3,T45_C0p5_D80_3|T25_C1_D100_0,T25_C2_D100_1,T35_C2_D80_3,T45_C0p5_D80_0|T25_C2_D100_3,T35_C2_D80_1,T35_C2_D80_2,T45_C0p5_D80_1|T25_C2_D80_2,T45_C1_D50_0,T45_C1_D50_3,baseline_0|T25_C2_D80_3,T35_C0p5_D80_0,T35_C1_D80_3,T45_C2_D50_0|T35_C0p5_D100_1,T35_C0p5_D100_3,T45_C0p5_D80_2,T45_C1_D80_2",0.01948125919592117,0.00528372527539922,,RIGHT_CENSORED_NOT_IDENTIFIABLE,4,0.010857061637273846,0.839242051361873,250.0,0,observed event duration or 250-cycle right-censor lower bound,STABLE_UNDER_SCENARIO,-0.025424627840643754,0.046891391728861254,REFERENCE,
baseline_use,8,"T25_C0p5_D100_0,T35_C0p5_D80_1,T35_C0p5_D80_3,T35_C1_D80_0|T25_C0p5_D100_1,T25_C2_D80_0,T35_C1_D80_2,T45_C2_D50_2|T25_C0p5_D100_3,T25_C1_D100_2,T25_C1_D100_3,T45_C0p5_D80_3|T25_C1_D100_0,T25_C2_D100_1,T35_C2_D80_3,T45_C0p5_D80_0|T25_C2_D100_3,T35_C2_D80_1,T35_C2_D80_2,T45_C0p5_D80_1|T25_C2_D80_2,T45_C1_D50_0,T45_C1_D50_3,baseline_0|T25_C2_D80_3,T35_C0p5_D80_0,T35_C1_D80_3,T45_C2_D50_0|T35_C0p5_D100_1,T35_C0p5_D100_3,T45_C0p5_D80_2,T45_C1_D80_2",0.018348885900904742,0.014991982917466729,,RIGHT_CENSORED_NOT_IDENTIFIABLE,2,0.012314642271225251,0.7957857449651572,220.0,2,observed event duration or 250-cycle right-censor lower bound,REJECT_FORCED_ASSIGNMENT,-0.029274225202274184,0.053932063376602724,REFERENCE,
high_temperature,1,"T25_C0p5_D100_0,T35_C0p5_D80_1,T35_C0p5_D80_3,T35_C1_D80_0|T25_C0p5_D100_1,T25_C2_D80_0,T35_C1_D80_2,T45_C2_D50_2|T25_C0p5_D100_3,T25_C1_D100_2,T25_C1_D100_3,T45_C0p5_D80_3|T25_C1_D100_0,T25_C2_D100_1,T35_C2_D80_3,T45_C0p5_D80_0|T25_C2_D100_3,T35_C2_D80_1,T35_C2_D80_2,T45_C0p5_D80_1|T25_C2_D80_2,T45_C1_D50_0,T45_C1_D50_3,baseline_0|T25_C2_D80_3,T35_C0p5_D80_0,T35_C1_D80_3,T45_C2_D50_0|T35_C0p5_D100_1,T35_C0p5_D100_3,T45_C0p5_D80_2,T45_C1_D80_2",0.025848551127879604,0.011260318620558762,,RIGHT_CENSORED_NOT_IDENTIFIABLE,3,0.01920506455518023,0.7983105112114868,242.0,1,observed event duration or 250-cycle right-censor lower bound,REJECT_FORCED_ASSIGNMENT,-0.0454543701033476,0.07973427983990972,CENSORING_MIXED_NOT_IDENTIFIABLE,
high_temperature,2,"T25_C0p5_D100_0,T35_C0p5_D80_1,T35_C0p5_D80_3,T35_C1_D80_0|T25_C0p5_D100_1,T25_C2_D80_0,T35_C1_D80_2,T45_C2_D50_2|T25_C0p5_D100_3,T25_C1_D100_2,T25_C1_D100_3,T45_C0p5_D80_3|T25_C1_D100_0,T25_C2_D100_1,T35_C2_D80_3,T45_C0p5_D80_0|T25_C2_D100_3,T35_C2_D80_1,T35_C2_D80_2,T45_C0p5_D80_1|T25_C2_D80_2,T45_C1_D50_0,T45_C1_D50_3,baseline_0|T25_C2_D80_3,T35_C0p5_D80_0,T35_C1_D80_3,T45_C2_D50_0|T35_C0p5_D100_1,T35_C0p5_D100_3,T45_C0p5_D80_2,T45_C1_D80_2",0.0209139032441394,0.01125144523690147,,RIGHT_CENSORED_NOT_IDENTIFIABLE,4,0.02832649609754867,0.8203765396818309,250.0,0,observed event duration or 250-cycle right-censor lower bound,STABLE_UNDER_SCENARIO,-0.03995797334444051,0.07976146971377684,NOT_IDENTIFIABLE_BOTH_RIGHT_CENSORED,
high_temperature,3,"T25_C0p5_D100_0,T35_C0p5_D80_1,T35_C0p5_D80_3,T35_C1_D80_0|T25_C0p5_D100_1,T25_C2_D80_0,T35_C1_D80_2,T45_C2_D50_2|T25_C0p5_D100_3,T25_C1_D100_2,T25_C1_D100_3,T45_C0p5_D80_3|T25_C1_D100_0,T25_C2_D100_1,T35_C2_D80_3,T45_C0p5_D80_0|T25_C2_D100_3,T35_C2_D80_1,T35_C2_D80_2,T45_C0p5_D80_1|T25_C2_D80_2,T45_C1_D50_0,T45_C1_D50_3,baseline_0|T25_C2_D80_3,T35_C0p5_D80_0,T35_C1_D80_3,T45_C2_D50_0|T35_C0p5_D100_1,T35_C0p5_D100_3,T45_C0p5_D80_2,T45_C1_D80_2",0.007820988406382434,0.018921185284865416,,RIGHT_CENSORED_NOT_IDENTIFIABLE,2,0.024045197035801325,0.789418702471496,198.0,2,observed event duration or 250-cycle right-censor lower bound,REJECT_FORCED_ASSIGNMENT,-0.047559642153064546,0.08335752576400673,CENSORING_MIXED_NOT_IDENTIFIABLE,
high_temperature,4,"T25_C0p5_D100_0,T35_C0p5_D80_1,T35_C0p5_D80_3,T35_C1_D80_0|T25_C0p5_D100_1,T25_C2_D80_0,T35_C1_D80_2,T45_C2_D50_2|T25_C0p5_D100_3,T25_C1_D100_2,T25_C1_D100_3,T45_C0p5_D80_3|T25_C1_D100_0,T25_C2_D100_1,T35_C2_D80_3,T45_C0p5_D80_0|T25_C2_D100_3,T35_C2_D80_1,T35_C2_D80_2,T45_C0p5_D80_1|T25_C2_D80_2,T45_C1_D50_0,T45_C1_D50_3,baseline_0|T25_C2_D80_3,T35_C0p5_D80_0,T35_C1_D80_3,T45_C2_D50_0|T35_C0p5_D100_1,T35_C0p5_D100_3,T45_C0p5_D80_2,T45_C1_D80_2",0.008736634722578643,0.013809130561793337,0.13396382321851502,OBSERVED_EVENTS,0,0.02307080790193372,0.7807424025430185,153.0,4,observed event duration or 250-cycle right-censor lower bound,REJECT_FORCED_ASSIGNMENT,-0.046603304734077644,0.07966754439187501,UPPER_BOUND,
high_temperature,5,"T25_C0p5_D100_0,T35_C0p5_D80_1,T35_C0p5_D80_3,T35_C1_D80_0|T25_C0p5_D100_1,T25_C2_D80_0,T35_C1_D80_2,T45_C2_D50_2|T25_C0p5_D100_3,T25_C1_D100_2,T25_C1_D100_3,T45_C0p5_D80_3|T25_C1_D100_0,T25_C2_D100_1,T35_C2_D80_3,T45_C0p5_D80_0|T25_C2_D100_3,T35_C2_D80_1,T35_C2_D80_2,T45_C0p5_D80_1|T25_C2_D80_2,T45_C1_D50_0,T45_C1_D50_3,baseline_0|T25_C2_D80_3,T35_C0p5_D80_0,T35_C1_D80_3,T45_C2_D50_0|T35_C0p5_D100_1,T35_C0p5_D100_3,T45_C0p5_D80_2,T45_C1_D80_2",0.01774090625772495,0.014263025606198299,,RIGHT_CENSORED_NOT_IDENTIFIABLE,2,0.02027539673214518,0.7945798011016424,221.0,2,observed event duration or 250-cycle right-censor lower bound,REJECT_FORCED_ASSIGNMENT,-0.04169369254553473,0.07679707319813361,CENSORING_MIXED_NOT_IDENTIFIABLE,
high_temperature,6,"T25_C0p5_D100_0,T35_C0p5_D80_1,T35_C0p5_D80_3,T35_C1_D80_0|T25_C0p5_D100_1,T25_C2_D80_0,T35_C1_D80_2,T45_C2_D50_2|T25_C0p5_D100_3,T25_C1_D100_2,T25_C1_D100_3,T45_C0p5_D80_3|T25_C1_D100_0,T25_C2_D100_1,T35_C2_D80_3,T45_C0p5_D80_0|T25_C2_D100_3,T35_C2_D80_1,T35_C2_D80_2,T45_C0p5_D80_1|T25_C2_D80_2,T45_C1_D50_0,T45_C1_D50_3,baseline_0|T25_C2_D80_3,T35_C0p5_D80_0,T35_C1_D80_3,T45_C2_D50_0|T35_C0p5_D100_1,T35_C0p5_D100_3,T45_C0p5_D80_2,T45_C1_D80_2",0.06499291810567866,0.015388617329364807,,RIGHT_CENSORED_NOT_IDENTIFIABLE,4,0.015347281885391917,0.8287568866924921,250.0,0,observed event duration or 250-cycle right-censor lower bound,REINSPECT,-0.03801374993056206,0.06972181163527547,NOT_IDENTIFIABLE_BOTH_RIGHT_CENSORED,
high_temperature,7,"T25_C0p5_D100_0,T35_C0p5_D80_1,T35_C0p5_D80_3,T35_C1_D80_0|T25_C0p5_D100_1,T25_C2_D80_0,T35_C1_D80_2,T45_C2_D50_2|T25_C0p5_D100_3,T25_C1_D100_2,T25_C1_D100_3,T45_C0p5_D80_3|T25_C1_D100_0,T25_C2_D100_1,T35_C2_D80_3,T45_C0p5_D80_0|T25_C2_D100_3,T35_C2_D80_1,T35_C2_D80_2,T45_C0p5_D80_1|T25_C2_D80_2,T45_C1_D50_0,T45_C1_D50_3,baseline_0|T25_C2_D80_3,T35_C0p5_D80_0,T35_C1_D80_3,T45_C2_D50_0|T35_C0p5_D100_1,T35_C0p5_D100_3,T45_C0p5_D80_2,T45_C1_D80_2",0.02000300415932074,0.005262452568339904,,RIGHT_CENSORED_NOT_IDENTIFIABLE,4,0.016192894622318654,0.8266732153207721,250.0,0,observed event duration or 250-cycle right-censor lower bound,STABLE_UNDER_SCENARIO,-0.037929162814141715,0.06995429621587379,NOT_IDENTIFIABLE_BOTH_RIGHT_CENSORED,
high_temperature,8,"T25_C0p5_D100_0,T35_C0p5_D80_1,T35_C0p5_D80_3,T35_C1_D80_0|T25_C0p5_D100_1,T25_C2_D80_0,T35_C1_D80_2,T45_C2_D50_2|T25_C0p5_D100_3,T25_C1_D100_2,T25_C1_D100_3,T45_C0p5_D80_3|T25_C1_D100_0,T25_C2_D100_1,T35_C2_D80_3,T45_C0p5_D80_0|T25_C2_D100_3,T35_C2_D80_1,T35_C2_D80_2,T45_C0p5_D80_1|T25_C2_D80_2,T45_C1_D50_0,T45_C1_D50_3,baseline_0|T25_C2_D80_3,T35_C0p5_D80_0,T35_C1_D80_3,T45_C2_D50_0|T35_C0p5_D100_1,T35_C0p5_D100_3,T45_C0p5_D80_2,T45_C1_D80_2",0.019283228843398822,0.016476288788597526,0.1829091892100882,OBSERVED_EVENTS,0,0.01837392119806691,0.7813700933127348,151.0,4,observed event duration or 250-cycle right-censor lower bound,REJECT_FORCED_ASSIGNMENT,-0.0436720774711942,0.08045742817976986,UPPER_BOUND,
high_c_rate,1,"T25_C0p5_D100_0,T35_C0p5_D80_1,T35_C0p5_D80_3,T35_C1_D80_0|T25_C0p5_D100_1,T25_C2_D80_0,T35_C1_D80_2,T45_C2_D50_2|T25_C0p5_D100_3,T25_C1_D100_2,T25_C1_D100_3,T45_C0p5_D80_3|T25_C1_D100_0,T25_C2_D100_1,T35_C2_D80_3,T45_C0p5_D80_0|T25_C2_D100_3,T35_C2_D80_1,T35_C2_D80_2,T45_C0p5_D80_1|T25_C2_D80_2,T45_C1_D50_0,T45_C1_D50_3,baseline_0|T25_C2_D80_3,T35_C0p5_D80_0,T35_C1_D80_3,T45_C2_D50_0|T35_C0p5_D100_1,T35_C0p5_D100_3,T45_C0p5_D80_2,T45_C1_D80_2",0.025079701714461014,0.008442105487336926,,RIGHT_CENSORED_NOT_IDENTIFIABLE,4,0.014099868887752498,0.8122039005268407,250.0,0,observed event duration or 250-cycle right-censor lower bound,STABLE_UNDER_SCENARIO,-0.033370799306367604,0.05853749637153488,NOT_IDENTIFIABLE_BOTH_RIGHT_CENSORED,
high_c_rate,2,"T25_C0p5_D100_0,T35_C0p5_D80_1,T35_C0p5_D80_3,T35_C1_D80_0|T25_C0p5_D100_1,T25_C2_D80_0,T35_C1_D80_2,T45_C2_D50_2|T25_C0p5_D100_3,T25_C1_D100_2,T25_C1_D100_3,T45_C0p5_D80_3|T25_C1_D100_0,T25_C2_D100_1,T35_C2_D80_3,T45_C0p5_D80_0|T25_C2_D100_3,T35_C2_D80_1,T35_C2_D80_2,T45_C0p5_D80_1|T25_C2_D80_2,T45_C1_D50_0,T45_C1_D50_3,baseline_0|T25_C2_D80_3,T35_C0p5_D80_0,T35_C1_D80_3,T45_C2_D50_0|T35_C0p5_D100_1,T35_C0p5_D100_3,T45_C0p5_D80_2,T45_C1_D80_2",0.020368879508510795,0.009530002898043732,,RIGHT_CENSORED_NOT_IDENTIFIABLE,4,0.020795208468456172,0.8327499096544632,250.0,0,observed event duration or 250-cycle right-censor lower bound,STABLE_UNDER_SCENARIO,-0.02933554563784682,0.058557968731410004,NOT_IDENTIFIABLE_BOTH_RIGHT_CENSORED,
high_c_rate,3,"T25_C0p5_D100_0,T35_C0p5_D80_1,T35_C0p5_D80_3,T35_C1_D80_0|T25_C0p5_D100_1,T25_C2_D80_0,T35_C1_D80_2,T45_C2_D50_2|T25_C0p5_D100_3,T25_C1_D100_2,T25_C1_D100_3,T45_C0p5_D80_3|T25_C1_D100_0,T25_C2_D100_1,T35_C2_D80_3,T45_C0p5_D80_0|T25_C2_D100_3,T35_C2_D80_1,T35_C2_D80_2,T45_C0p5_D80_1|T25_C2_D80_2,T45_C1_D50_0,T45_C1_D50_3,baseline_0|T25_C2_D80_3,T35_C0p5_D80_0,T35_C1_D80_3,T45_C2_D50_0|T35_C0p5_D100_1,T35_C0p5_D100_3,T45_C0p5_D80_2,T45_C1_D80_2",0.007515934221832021,0.017612621093756164,,RIGHT_CENSORED_NOT_IDENTIFIABLE,4,0.017653461798603498,0.8034064440915895,250.0,0,observed event duration or 250-cycle right-censor lower bound,STABLE_UNDER_SCENARIO,-0.03491644588645723,0.061196747060461854,NOT_IDENTIFIABLE_BOTH_RIGHT_CENSORED,
high_c_rate,4,"T25_C0p5_D100_0,T35_C0p5_D80_1,T35_C0p5_D80_3,T35_C1_D80_0|T25_C0p5_D100_1,T25_C2_D80_0,T35_C1_D80_2,T45_C2_D50_2|T25_C0p5_D100_3,T25_C1_D100_2,T25_C1_D100_3,T45_C0p5_D80_3|T25_C1_D100_0,T25_C2_D100_1,T35_C2_D80_3,T45_C0p5_D80_0|T25_C2_D100_3,T35_C2_D80_1,T35_C2_D80_2,T45_C0p5_D80_1|T25_C2_D80_2,T45_C1_D50_0,T45_C1_D50_3,baseline_0|T25_C2_D80_3,T35_C0p5_D80_0,T35_C1_D80_3,T45_C2_D50_0|T35_C0p5_D100_1,T35_C0p5_D100_3,T45_C0p5_D80_2,T45_C1_D80_2",0.007682775433805417,0.01133740668011185,,RIGHT_CENSORED_NOT_IDENTIFIABLE,2,0.01693856027540841,0.794335363440508,211.0,2,observed event duration or 250-cycle right-censor lower bound,REJECT_FORCED_ASSIGNMENT,-0.034214329393582515,0.058489478919212745,CENSORING_MIXED_NOT_IDENTIFIABLE,
high_c_rate,5,"T25_C0p5_D100_0,T35_C0p5_D80_1,T35_C0p5_D80_3,T35_C1_D80_0|T25_C0p5_D100_1,T25_C2_D80_0,T35_C1_D80_2,T45_C2_D50_2|T25_C0p5_D100_3,T25_C1_D100_2,T25_C1_D100_3,T45_C0p5_D80_3|T25_C1_D100_0,T25_C2_D100_1,T35_C2_D80_3,T45_C0p5_D80_0|T25_C2_D100_3,T35_C2_D80_1,T35_C2_D80_2,T45_C0p5_D80_1|T25_C2_D80_2,T45_C1_D50_0,T45_C1_D50_3,baseline_0|T25_C2_D80_3,T35_C0p5_D80_0,T35_C1_D80_3,T45_C2_D50_0|T35_C0p5_D100_1,T35_C0p5_D100_3,T45_C0p5_D80_2,T45_C1_D80_2",0.01703696735989129,0.011875547293355937,,RIGHT_CENSORED_NOT_IDENTIFIABLE,4,0.014884078596642869,0.8073149070389759,250.0,0,observed event duration or 250-cycle right-censor lower bound,STABLE_UNDER_SCENARIO,-0.030609850479694556,0.05638066836804778,NOT_IDENTIFIABLE_BOTH_RIGHT_CENSORED,
high_c_rate,6,"T25_C0p5_D100_0,T35_C0p5_D80_1,T35_C0p5_D80_3,T35_C1_D80_0|T25_C0p5_D100_1,T25_C2_D80_0,T35_C1_D80_2,T45_C2_D50_2|T25_C0p5_D100_3,T25_C1_D100_2,T25_C1_D100_3,T45_C0p5_D80_3|T25_C1_D100_0,T25_C2_D100_1,T35_C2_D80_3,T45_C0p5_D80_0|T25_C2_D100_3,T35_C2_D80_1,T35_C2_D80_2,T45_C0p5_D80_1|T25_C2_D80_2,T45_C1_D50_0,T45_C1_D50_3,baseline_0|T25_C2_D80_3,T35_C0p5_D80_0,T35_C1_D80_3,T45_C2_D50_0|T35_C0p5_D100_1,T35_C0p5_D100_3,T45_C0p5_D80_2,T45_C1_D80_2",0.06399736591237218,0.012697643552906257,,RIGHT_CENSORED_NOT_IDENTIFIABLE,4,0.011265351973574589,0.8403592568175728,250.0,0,observed event duration or 250-cycle right-censor lower bound,REINSPECT,-0.02790812368892734,0.05118663849312238,NOT_IDENTIFIABLE_BOTH_RIGHT_CENSORED,
high_c_rate,7,"T25_C0p5_D100_0,T35_C0p5_D80_1,T35_C0p5_D80_3,T35_C1_D80_0|T25_C0p5_D100_1,T25_C2_D80_0,T35_C1_D80_2,T45_C2_D50_2|T25_C0p5_D100_3,T25_C1_D100_2,T25_C1_D100_3,T45_C0p5_D80_3|T25_C1_D100_0,T25_C2_D100_1,T35_C2_D80_3,T45_C0p5_D80_0|T25_C2_D100_3,T35_C2_D80_1,T35_C2_D80_2,T45_C0p5_D80_1|T25_C2_D80_2,T45_C1_D50_0,T45_C1_D50_3,baseline_0|T25_C2_D80_3,T35_C0p5_D80_0,T35_C1_D80_3,T45_C2_D50_0|T35_C0p5_D100_1,T35_C0p5_D100_3,T45_C0p5_D80_2,T45_C1_D80_2",0.019578665651023605,0.005044642948045297,,RIGHT_CENSORED_NOT_IDENTIFIABLE,4,0.011890304929937923,0.8370431553165145,250.0,0,observed event duration or 250-cycle right-censor lower bound,STABLE_UNDER_SCENARIO,-0.02784603550566242,0.051357346985958285,NOT_IDENTIFIABLE_BOTH_RIGHT_CENSORED,
high_c_rate,8,"T25_C0p5_D100_0,T35_C0p5_D80_1,T35_C0p5_D80_3,T35_C1_D80_0|T25_C0p5_D100_1,T25_C2_D80_0,T35_C1_D80_2,T45_C2_D50_2|T25_C0p5_D100_3,T25_C1_D100_2,T25_C1_D100_3,T45_C0p5_D80_3|T25_C1_D100_0,T25_C2_D100_1,T35_C2_D80_3,T45_C0p5_D80_0|T25_C2_D100_3,T35_C2_D80_1,T35_C2_D80_2,T45_C0p5_D80_1|T25_C2_D80_2,T45_C1_D50_0,T45_C1_D50_3,baseline_0|T25_C2_D80_3,T35_C0p5_D80_0,T35_C1_D80_3,T45_C2_D50_0|T35_C0p5_D100_1,T35_C0p5_D100_3,T45_C0p5_D80_2,T45_C1_D80_2",0.018518929012432926,0.015078833111204615,,RIGHT_CENSORED_NOT_IDENTIFIABLE,2,0.013487975343509762,0.793194838454236,206.0,2,observed event duration or 250-cycle right-censor lower bound,REJECT_FORCED_ASSIGNMENT,-0.03206225929691736,0.05906849762129335,CENSORING_MIXED_NOT_IDENTIFIABLE,
high_dod,1,"T25_C0p5_D100_0,T35_C0p5_D80_1,T35_C0p5_D80_3,T35_C1_D80_0|T25_C0p5_D100_1,T25_C2_D80_0,T35_C1_D80_2,T45_C2_D50_2|T25_C0p5_D100_3,T25_C1_D100_2,T25_C1_D100_3,T45_C0p5_D80_3|T25_C1_D100_0,T25_C2_D100_1,T35_C2_D80_3,T45_C0p5_D80_0|T25_C2_D100_3,T35_C2_D80_1,T35_C2_D80_2,T45_C0p5_D80_1|T25_C2_D80_2,T45_C1_D50_0,T45_C1_D50_3,baseline_0|T25_C2_D80_3,T35_C0p5_D80_0,T35_C1_D80_3,T45_C2_D50_0|T35_C0p5_D100_1,T35_C0p5_D100_3,T45_C0p5_D80_2,T45_C1_D80_2",0.02458263248268437,0.007847261016599827,,RIGHT_CENSORED_NOT_IDENTIFIABLE,4,0.013083604384965364,0.8036202187408366,250.0,0,observed event duration or 250-cycle right-censor lower bound,STABLE_UNDER_SCENARIO,-0.04265242223552948,0.07479248504517366,NOT_IDENTIFIABLE_BOTH_RIGHT_CENSORED,
high_dod,2,"T25_C0p5_D100_0,T35_C0p5_D80_1,T35_C0p5_D80_3,T35_C1_D80_0|T25_C0p5_D100_1,T25_C2_D80_0,T35_C1_D80_2,T45_C2_D50_2|T25_C0p5_D100_3,T25_C1_D100_2,T25_C1_D100_3,T45_C0p5_D80_3|T25_C1_D100_0,T25_C2_D100_1,T35_C2_D80_3,T45_C0p5_D80_0|T25_C2_D100_3,T35_C2_D80_1,T35_C2_D80_2,T45_C0p5_D80_1|T25_C2_D80_2,T45_C1_D50_0,T45_C1_D50_3,baseline_0|T25_C2_D80_3,T35_C0p5_D80_0,T35_C1_D80_3,T45_C2_D50_0|T35_C0p5_D100_1,T35_C0p5_D100_3,T45_C0p5_D80_2,T45_C1_D80_2",0.019628363308136894,0.008346818878146256,,RIGHT_CENSORED_NOT_IDENTIFIABLE,4,0.026018525446311447,0.8251053336582951,250.0,0,observed event duration or 250-cycle right-censor lower bound,STABLE_UNDER_SCENARIO,-0.03692439604806266,0.07373109769338271,NOT_IDENTIFIABLE_BOTH_RIGHT_CENSORED,
high_dod,3,"T25_C0p5_D100_0,T35_C0p5_D80_1,T35_C0p5_D80_3,T35_C1_D80_0|T25_C0p5_D100_1,T25_C2_D80_0,T35_C1_D80_2,T45_C2_D50_2|T25_C0p5_D100_3,T25_C1_D100_2,T25_C1_D100_3,T45_C0p5_D80_3|T25_C1_D100_0,T25_C2_D100_1,T35_C2_D80_3,T45_C0p5_D80_0|T25_C2_D100_3,T35_C2_D80_1,T35_C2_D80_2,T45_C0p5_D80_1|T25_C2_D80_2,T45_C1_D50_0,T45_C1_D50_3,baseline_0|T25_C2_D80_3,T35_C0p5_D80_0,T35_C1_D80_3,T45_C2_D50_0|T35_C0p5_D100_1,T35_C0p5_D100_3,T45_C0p5_D80_2,T45_C1_D80_2",0.007625006833086742,0.018073833039356613,,RIGHT_CENSORED_NOT_IDENTIFIABLE,3,0.017778030999600958,0.7947644691028775,221.0,1,observed event duration or 250-cycle right-censor lower bound,REJECT_FORCED_ASSIGNMENT,-0.0432490241324994,0.07584432880849284,CENSORING_MIXED_NOT_IDENTIFIABLE,
high_dod,4,"T25_C0p5_D100_0,T35_C0p5_D80_1,T35_C0p5_D80_3,T35_C1_D80_0|T25_C0p5_D100_1,T25_C2_D80_0,T35_C1_D80_2,T45_C2_D50_2|T25_C0p5_D100_3,T25_C1_D100_2,T25_C1_D100_3,T45_C0p5_D80_3|T25_C1_D100_0,T25_C2_D100_1,T35_C2_D80_3,T45_C0p5_D80_0|T25_C2_D100_3,T35_C2_D80_1,T35_C2_D80_2,T45_C0p5_D80_1|T25_C2_D80_2,T45_C1_D50_0,T45_C1_D50_3,baseline_0|T25_C2_D80_3,T35_C0p5_D80_0,T35_C1_D80_3,T45_C2_D50_0|T35_C0p5_D100_1,T35_C0p5_D100_3,T45_C0p5_D80_2,T45_C1_D80_2",0.007449640551215334,0.01051877724608663,0.11765236971246112,OBSERVED_EVENTS,0,0.016805031989174157,0.7859372938100326,170.0,4,observed event duration or 250-cycle right-censor lower bound,REJECT_FORCED_ASSIGNMENT,-0.04302972841994504,0.07356927454864726,UPPER_BOUND,
high_dod,5,"T25_C0p5_D100_0,T35_C0p5_D80_1,T35_C0p5_D80_3,T35_C1_D80_0|T25_C0p5_D100_1,T25_C2_D80_0,T35_C1_D80_2,T45_C2_D50_2|T25_C0p5_D100_3,T25_C1_D100_2,T25_C1_D100_3,T45_C0p5_D80_3|T25_C1_D100_0,T25_C2_D100_1,T35_C2_D80_3,T45_C0p5_D80_0|T25_C2_D100_3,T35_C2_D80_1,T35_C2_D80_2,T45_C0p5_D80_1|T25_C2_D80_2,T45_C1_D50_0,T45_C1_D50_3,baseline_0|T25_C2_D80_3,T35_C0p5_D80_0,T35_C1_D80_3,T45_C2_D50_0|T35_C0p5_D100_1,T35_C0p5_D100_3,T45_C0p5_D80_2,T45_C1_D80_2",0.016669338761470198,0.011455655073541737,,RIGHT_CENSORED_NOT_IDENTIFIABLE,2,0.01428608332599235,0.7991592271609304,246.0,2,observed event duration or 250-cycle right-censor lower bound,REJECT_FORCED_ASSIGNMENT,-0.03912402765132367,0.07203420655464338,CENSORING_MIXED_NOT_IDENTIFIABLE,
high_dod,6,"T25_C0p5_D100_0,T35_C0p5_D80_1,T35_C0p5_D80_3,T35_C1_D80_0|T25_C0p5_D100_1,T25_C2_D80_0,T35_C1_D80_2,T45_C2_D50_2|T25_C0p5_D100_3,T25_C1_D100_2,T25_C1_D100_3,T45_C0p5_D80_3|T25_C1_D100_0,T25_C2_D100_1,T35_C2_D80_3,T45_C0p5_D80_0|T25_C2_D100_3,T35_C2_D80_1,T35_C2_D80_2,T45_C0p5_D80_1|T25_C2_D80_2,T45_C1_D50_0,T45_C1_D50_3,baseline_0|T25_C2_D80_3,T35_C0p5_D80_0,T35_C1_D80_3,T45_C2_D50_0|T35_C0p5_D100_1,T35_C0p5_D100_3,T45_C0p5_D80_2,T45_C1_D80_2",0.06582637185730034,0.017095630083751034,,RIGHT_CENSORED_NOT_IDENTIFIABLE,4,0.01863156060068749,0.8307438198184496,250.0,0,observed event duration or 250-cycle right-censor lower bound,REINSPECT,-0.03515298515268375,0.06449390620855988,NOT_IDENTIFIABLE_BOTH_RIGHT_CENSORED,
high_dod,7,"T25_C0p5_D100_0,T35_C0p5_D80_1,T35_C0p5_D80_3,T35_C1_D80_0|T25_C0p5_D100_1,T25_C2_D80_0,T35_C1_D80_2,T45_C2_D50_2|T25_C0p5_D100_3,T25_C1_D100_2,T25_C1_D100_3,T45_C0p5_D80_3|T25_C1_D100_0,T25_C2_D100_1,T35_C2_D80_3,T45_C0p5_D80_0|T25_C2_D100_3,T35_C2_D80_1,T35_C2_D80_2,T45_C0p5_D80_1|T25_C2_D80_2,T45_C1_D50_0,T45_C1_D50_3,baseline_0|T25_C2_D80_3,T35_C0p5_D80_0,T35_C1_D80_3,T45_C2_D50_0|T35_C0p5_D100_1,T35_C0p5_D100_3,T45_C0p5_D80_2,T45_C1_D80_2",0.020044946227806833,0.0051231803987580316,,RIGHT_CENSORED_NOT_IDENTIFIABLE,4,0.01934605024509861,0.8285510636540647,250.0,0,observed event duration or 250-cycle right-censor lower bound,STABLE_UNDER_SCENARIO,-0.03564553184739491,0.06579702894264955,NOT_IDENTIFIABLE_BOTH_RIGHT_CENSORED,
high_dod,8,"T25_C0p5_D100_0,T35_C0p5_D80_1,T35_C0p5_D80_3,T35_C1_D80_0|T25_C0p5_D100_1,T25_C2_D80_0,T35_C1_D80_2,T45_C2_D50_2|T25_C0p5_D100_3,T25_C1_D100_2,T25_C1_D100_3,T45_C0p5_D80_3|T25_C1_D100_0,T25_C2_D100_1,T35_C2_D80_3,T45_C0p5_D80_0|T25_C2_D100_3,T35_C2_D80_1,T35_C2_D80_2,T45_C0p5_D80_1|T25_C2_D80_2,T45_C1_D50_0,T45_C1_D50_3,baseline_0|T25_C2_D80_3,T35_C0p5_D80_0,T35_C1_D80_3,T45_C2_D50_0|T35_C0p5_D100_1,T35_C0p5_D100_3,T45_C0p5_D80_2,T45_C1_D80_2",0.01834160398204652,0.015378556366132945,0.1815357391849226,OBSERVED_EVENTS,0,0.01255069913070983,0.784253523538909,166.0,4,observed event duration or 250-cycle right-censor lower bound,REJECT_FORCED_ASSIGNMENT,-0.040353840786341744,0.07430243510659124,UPPER_BOUND,
combined_stress,1,"T25_C0p5_D100_0,T35_C0p5_D80_1,T35_C0p5_D80_3,T35_C1_D80_0|T25_C0p5_D100_1,T25_C2_D80_0,T35_C1_D80_2,T45_C2_D50_2|T25_C0p5_D100_3,T25_C1_D100_2,T25_C1_D100_3,T45_C0p5_D80_3|T25_C1_D100_0,T25_C2_D100_1,T35_C2_D80_3,T45_C0p5_D80_0|T25_C2_D100_3,T35_C2_D80_1,T35_C2_D80_2,T45_C0p5_D80_1|T25_C2_D80_2,T45_C1_D50_0,T45_C1_D50_3,baseline_0|T25_C2_D80_3,T35_C0p5_D80_0,T35_C1_D80_3,T45_C2_D50_0|T35_C0p5_D100_1,T35_C0p5_D100_3,T45_C0p5_D80_2,T45_C1_D80_2",0.025649330488115817,0.012403825500858945,0.09132141576065715,OBSERVED_EVENTS,0,0.021376681354123406,0.7738568608735991,161.0,4,observed event duration or 250-cycle right-censor lower bound,REJECT_FORCED_ASSIGNMENT,-0.06968989117112023,0.12220422384508806,UPPER_BOUND,
combined_stress,2,"T25_C0p5_D100_0,T35_C0p5_D80_1,T35_C0p5_D80_3,T35_C1_D80_0|T25_C0p5_D100_1,T25_C2_D80_0,T35_C1_D80_2,T45_C2_D50_2|T25_C0p5_D100_3,T25_C1_D100_2,T25_C1_D100_3,T45_C0p5_D80_3|T25_C1_D100_0,T25_C2_D100_1,T35_C2_D80_3,T45_C0p5_D80_0|T25_C2_D100_3,T35_C2_D80_1,T35_C2_D80_2,T45_C0p5_D80_1|T25_C2_D80_2,T45_C1_D50_0,T45_C1_D50_3,baseline_0|T25_C2_D80_3,T35_C0p5_D80_0,T35_C1_D80_3,T45_C2_D50_0|T35_C0p5_D100_1,T35_C0p5_D100_3,T45_C0p5_D80_2,T45_C1_D80_2",0.0204173902393672,0.011925114122808722,,RIGHT_CENSORED_NOT_IDENTIFIABLE,3,0.0425140739794192,0.7985982639893987,245.0,1,observed event duration or 250-cycle right-censor lower bound,REJECT_FORCED_ASSIGNMENT,-0.060330895325520356,0.12046880197391069,CENSORING_MIXED_NOT_IDENTIFIABLE,
combined_stress,3,"T25_C0p5_D100_0,T35_C0p5_D80_1,T35_C0p5_D80_3,T35_C1_D80_0|T25_C0p5_D100_1,T25_C2_D80_0,T35_C1_D80_2,T45_C2_D50_2|T25_C0p5_D100_3,T25_C1_D100_2,T25_C1_D100_3,T45_C0p5_D80_3|T25_C1_D100_0,T25_C2_D100_1,T35_C2_D80_3,T45_C0p5_D80_0|T25_C2_D100_3,T35_C2_D80_1,T35_C2_D80_2,T45_C0p5_D80_1|T25_C2_D80_2,T45_C1_D50_0,T45_C1_D50_3,baseline_0|T25_C2_D80_3,T35_C0p5_D80_0,T35_C1_D80_3,T45_C2_D50_0|T35_C0p5_D100_1,T35_C0p5_D100_3,T45_C0p5_D80_2,T45_C1_D80_2",0.008752689050071667,0.02273359369593031,0.1684787629353251,OBSERVED_EVENTS,0,0.029046536290192826,0.7647989833496491,132.0,4,observed event duration or 250-cycle right-censor lower bound,REJECT_FORCED_ASSIGNMENT,-0.07066458569149864,0.12392472266136623,UPPER_BOUND,
combined_stress,4,"T25_C0p5_D100_0,T35_C0p5_D80_1,T35_C0p5_D80_3,T35_C1_D80_0|T25_C0p5_D100_1,T25_C2_D80_0,T35_C1_D80_2,T45_C2_D50_2|T25_C0p5_D100_3,T25_C1_D100_2,T25_C1_D100_3,T45_C0p5_D80_3|T25_C1_D100_0,T25_C2_D100_1,T35_C2_D80_3,T45_C0p5_D80_0|T25_C2_D100_3,T35_C2_D80_1,T35_C2_D80_2,T45_C0p5_D80_1|T25_C2_D80_2,T45_C1_D50_0,T45_C1_D50_3,baseline_0|T25_C2_D80_3,T35_C0p5_D80_0,T35_C1_D80_3,T45_C2_D50_0|T35_C0p5_D100_1,T35_C0p5_D100_3,T45_C0p5_D80_2,T45_C1_D80_2",0.009225925262593353,0.014326910484716016,0.15115711541883234,OBSERVED_EVENTS,0,0.02745566258367793,0.7568175340102951,102.0,4,observed event duration or 250-cycle right-censor lower bound,REJECT_FORCED_ASSIGNMENT,-0.07030630577048586,0.12020328645237832,UPPER_BOUND,
combined_stress,5,"T25_C0p5_D100_0,T35_C0p5_D80_1,T35_C0p5_D80_3,T35_C1_D80_0|T25_C0p5_D100_1,T25_C2_D80_0,T35_C1_D80_2,T45_C2_D50_2|T25_C0p5_D100_3,T25_C1_D100_2,T25_C1_D100_3,T45_C0p5_D80_3|T25_C1_D100_0,T25_C2_D100_1,T35_C2_D80_3,T45_C0p5_D80_0|T25_C2_D100_3,T35_C2_D80_1,T35_C2_D80_2,T45_C0p5_D80_1|T25_C2_D80_2,T45_C1_D50_0,T45_C1_D50_3,baseline_0|T25_C2_D80_3,T35_C0p5_D80_0,T35_C1_D80_3,T45_C2_D50_0|T35_C0p5_D100_1,T35_C0p5_D100_3,T45_C0p5_D80_2,T45_C1_D80_2",0.017693005328562536,0.014899132510736157,0.12014106299061422,OBSERVED_EVENTS,0,0.023345196063955687,0.772164836650646,147.0,4,observed event duration or 250-cycle right-censor lower bound,REJECT_FORCED_ASSIGNMENT,-0.06392485872140583,0.11769853249303791,UPPER_BOUND,
combined_stress,6,"T25_C0p5_D100_0,T35_C0p5_D80_1,T35_C0p5_D80_3,T35_C1_D80_0|T25_C0p5_D100_1,T25_C2_D80_0,T35_C1_D80_2,T45_C2_D50_2|T25_C0p5_D100_3,T25_C1_D100_2,T25_C1_D100_3,T45_C0p5_D80_3|T25_C1_D100_0,T25_C2_D100_1,T35_C2_D80_3,T45_C0p5_D80_0|T25_C2_D100_3,T35_C2_D80_1,T35_C2_D80_2,T45_C0p5_D80_1|T25_C2_D80_2,T45_C1_D50_0,T45_C1_D50_3,baseline_0|T25_C2_D80_3,T35_C0p5_D80_0,T35_C1_D80_3,T45_C2_D50_0|T35_C0p5_D100_1,T35_C0p5_D100_3,T45_C0p5_D80_2,T45_C1_D80_2",0.06890622607147386,0.0245944177405375,,RIGHT_CENSORED_NOT_IDENTIFIABLE,4,0.03044695839882472,0.8043371476638718,250.0,0,observed event duration or 250-cycle right-censor lower bound,REINSPECT,-0.05743670243243601,0.1053775898287263,NOT_IDENTIFIABLE_BOTH_RIGHT_CENSORED,
combined_stress,7,"T25_C0p5_D100_0,T35_C0p5_D80_1,T35_C0p5_D80_3,T35_C1_D80_0|T25_C0p5_D100_1,T25_C2_D80_0,T35_C1_D80_2,T45_C2_D50_2|T25_C0p5_D100_3,T25_C1_D100_2,T25_C1_D100_3,T45_C0p5_D80_3|T25_C1_D100_0,T25_C2_D100_1,T35_C2_D80_3,T45_C0p5_D80_0|T25_C2_D100_3,T35_C2_D80_1,T35_C2_D80_2,T45_C0p5_D80_1|T25_C2_D80_2,T45_C1_D50_0,T45_C1_D50_3,baseline_0|T25_C2_D80_3,T35_C0p5_D80_0,T35_C1_D80_3,T45_C2_D50_0|T35_C0p5_D100_1,T35_C0p5_D100_3,T45_C0p5_D80_2,T45_C1_D80_2",0.021353512201517225,0.00865997334289248,,RIGHT_CENSORED_NOT_IDENTIFIABLE,4,0.031604498477958876,0.8035941465613538,250.0,0,observed event duration or 250-cycle right-censor lower bound,STABLE_UNDER_SCENARIO,-0.05824144674703244,0.10750670047002098,NOT_IDENTIFIABLE_BOTH_RIGHT_CENSORED,
combined_stress,8,"T25_C0p5_D100_0,T35_C0p5_D80_1,T35_C0p5_D80_3,T35_C1_D80_0|T25_C0p5_D100_1,T25_C2_D80_0,T35_C1_D80_2,T45_C2_D50_2|T25_C0p5_D100_3,T25_C1_D100_2,T25_C1_D100_3,T45_C0p5_D80_3|T25_C1_D100_0,T25_C2_D100_1,T35_C2_D80_3,T45_C0p5_D80_0|T25_C2_D100_3,T35_C2_D80_1,T35_C2_D80_2,T45_C0p5_D80_1|T25_C2_D80_2,T45_C1_D50_0,T45_C1_D50_3,baseline_0|T25_C2_D80_3,T35_C0p5_D80_0,T35_C1_D80_3,T45_C2_D50_0|T35_C0p5_D100_1,T35_C0p5_D100_3,T45_C0p5_D80_2,T45_C1_D80_2",0.019575251071272965,0.017301962862998455,0.18862534988307927,OBSERVED_EVENTS,0,0.020510022521460503,0.758597895834553,101.0,4,observed event duration or 250-cycle right-censor lower bound,REJECT_FORCED_ASSIGNMENT,-0.06593435539524461,0.121403304019019,UPPER_BOUND,
