seed,held_out_scenario,training_scenarios,strategy,candidate_group_count,training_reject_group_count,robust_candidate_group_count,max_feasible_groups,selected_groups,group_shortfall,thresholds_relaxed,selection_status,selection_worst_training_margin,n_groups,stable_count,reinspect_count,reject_count,stable_rate_target,selected_group_reject_rate,weakest_soh,largest_resistance_range,worst_safety_margin
42,baseline_use,high_temperature;high_c_rate;high_dod;combined_stress,REFERENCE_INTERVAL_RISK,799,,,5,5,3,False,ABSTAIN_INSUFFICIENT_FEASIBILITY,,5,0,1,4,0.0,0.8,0.7885528362534527,0.013857329554889608,-1.0156665492941217
42,baseline_use,high_temperature;high_c_rate;high_dod;combined_stress,ROBUST_LOSO,799,799,0,0,0,8,False,ABSTAIN_INSUFFICIENT_FEASIBILITY,,0,0,0,0,0.0,,,,
42,high_temperature,baseline_use;high_c_rate;high_dod;combined_stress,REFERENCE_INTERVAL_RISK,799,,,5,5,3,False,ABSTAIN_INSUFFICIENT_FEASIBILITY,,5,0,0,5,0.0,1.0,0.77204161571217,0.020672482851251228,-1.0
42,high_temperature,baseline_use;high_c_rate;high_dod;combined_stress,ROBUST_LOSO,799,799,0,0,0,8,False,ABSTAIN_INSUFFICIENT_FEASIBILITY,,0,0,0,0,0.0,,,,
42,high_c_rate,baseline_use;high_temperature;high_dod;combined_stress,REFERENCE_INTERVAL_RISK,799,,,5,5,3,False,ABSTAIN_INSUFFICIENT_FEASIBILITY,,5,0,0,5,0.0,1.0,0.7855317244271582,0.015177031924075157,-1.012051131247623
42,high_c_rate,baseline_use;high_temperature;high_dod;combined_stress,ROBUST_LOSO,799,799,0,0,0,8,False,ABSTAIN_INSUFFICIENT_FEASIBILITY,,0,0,0,0,0.0,,,,
42,high_dod,baseline_use;high_temperature;high_c_rate;combined_stress,REFERENCE_INTERVAL_RISK,799,,,5,5,3,False,ABSTAIN_INSUFFICIENT_FEASIBILITY,,5,0,0,5,0.0,1.0,0.7771971994354709,0.014484745509562247,-1.017638187645478
42,high_dod,baseline_use;high_temperature;high_c_rate;combined_stress,ROBUST_LOSO,799,799,0,0,0,8,False,ABSTAIN_INSUFFICIENT_FEASIBILITY,,0,0,0,0,0.0,,,,
42,combined_stress,baseline_use;high_temperature;high_c_rate;high_dod,REFERENCE_INTERVAL_RISK,799,,,5,5,3,False,ABSTAIN_INSUFFICIENT_FEASIBILITY,,5,0,0,5,0.0,1.0,0.7482977765345078,0.02366638440047697,-1.0
42,combined_stress,baseline_use;high_temperature;high_c_rate;high_dod,ROBUST_LOSO,799,787,12,1,1,7,False,ABSTAIN_INSUFFICIENT_FEASIBILITY,0.0398820011200538,1,0,0,1,0.0,1.0,0.7846946814108486,0.02587678286367434,-1.0
123,baseline_use,high_temperature;high_c_rate;high_dod;combined_stress,REFERENCE_INTERVAL_RISK,535,,,4,4,4,False,ABSTAIN_INSUFFICIENT_FEASIBILITY,,4,2,1,1,0.25,0.25,0.7933217285712679,0.020787430392875006,-1.0
123,baseline_use,high_temperature;high_c_rate;high_dod;combined_stress,ROBUST_LOSO,535,534,1,1,1,7,False,ABSTAIN_INSUFFICIENT_FEASIBILITY,-0.4452931305437229,1,0,1,0,0.0,0.0,0.8401334235899246,0.014182852935068935,-0.45130228566125274
123,high_temperature,baseline_use;high_c_rate;high_dod;combined_stress,REFERENCE_INTERVAL_RISK,535,,,4,4,4,False,ABSTAIN_INSUFFICIENT_FEASIBILITY,,4,1,0,3,0.125,0.75,0.7791974494184062,0.031014188608875726,-1.0
123,high_temperature,baseline_use;high_c_rate;high_dod;combined_stress,ROBUST_LOSO,535,534,1,1,1,7,False,ABSTAIN_INSUFFICIENT_FEASIBILITY,-0.45130228566125297,1,0,1,0,0.0,0.0,0.8288409378783554,0.021157836644289052,-0.42037282347982985
123,high_c_rate,baseline_use;high_temperature;high_dod;combined_stress,REFERENCE_INTERVAL_RISK,535,,,4,4,4,False,ABSTAIN_INSUFFICIENT_FEASIBILITY,,4,2,1,1,0.25,0.25,0.7905866698204956,0.02276776399064584,-1.0
123,high_c_rate,baseline_use;high_temperature;high_dod;combined_stress,ROBUST_LOSO,535,534,1,1,1,7,False,ABSTAIN_INSUFFICIENT_FEASIBILITY,-0.45130228566125297,1,0,1,0,0.0,0.0,0.8379467200046204,0.015533505242625978,-0.44529313054372355
123,high_dod,baseline_use;high_temperature;high_c_rate;combined_stress,REFERENCE_INTERVAL_RISK,535,,,4,4,4,False,ABSTAIN_INSUFFICIENT_FEASIBILITY,,4,1,0,3,0.125,0.75,0.7811478801538317,0.028397615151019684,-1.0
123,high_dod,baseline_use;high_temperature;high_c_rate;combined_stress,ROBUST_LOSO,535,534,1,1,1,7,False,ABSTAIN_INSUFFICIENT_FEASIBILITY,-0.45130228566125297,1,0,1,0,0.0,0.0,0.8314099054036577,0.02416287079249324,-0.4130185250453251
123,combined_stress,baseline_use;high_temperature;high_c_rate;high_dod,REFERENCE_INTERVAL_RISK,535,,,4,4,4,False,ABSTAIN_INSUFFICIENT_FEASIBILITY,,4,0,0,4,0.0,1.0,0.7552263308486534,0.046402804715013124,-1.0
123,combined_stress,baseline_use;high_temperature;high_c_rate;high_dod,ROBUST_LOSO,535,517,18,1,1,7,False,ABSTAIN_INSUFFICIENT_FEASIBILITY,0.08457145879194528,1,0,0,1,0.0,1.0,0.7936371109775946,0.04637747441184037,-1.0
2026,baseline_use,high_temperature;high_c_rate;high_dod;combined_stress,REFERENCE_INTERVAL_RISK,583,,,4,4,4,False,ABSTAIN_INSUFFICIENT_FEASIBILITY,,4,1,2,1,0.125,0.25,0.7885196675718337,0.014223281241203312,-1.0
2026,baseline_use,high_temperature;high_c_rate;high_dod;combined_stress,ROBUST_LOSO,583,583,0,0,0,8,False,ABSTAIN_INSUFFICIENT_FEASIBILITY,,0,0,0,0,0.0,,,,
2026,high_temperature,baseline_use;high_c_rate;high_dod;combined_stress,REFERENCE_INTERVAL_RISK,583,,,4,4,4,False,ABSTAIN_INSUFFICIENT_FEASIBILITY,,4,0,0,4,0.0,1.0,0.7717700535836509,0.02122122530207049,-1.0
2026,high_temperature,baseline_use;high_c_rate;high_dod;combined_stress,ROBUST_LOSO,583,583,0,0,0,8,False,ABSTAIN_INSUFFICIENT_FEASIBILITY,,0,0,0,0,0.0,,,,
2026,high_c_rate,baseline_use;high_temperature;high_dod;combined_stress,REFERENCE_INTERVAL_RISK,583,,,4,4,4,False,ABSTAIN_INSUFFICIENT_FEASIBILITY,,4,1,1,2,0.125,0.5,0.7852762327873296,0.01557837964544384,-1.0
2026,high_c_rate,baseline_use;high_temperature;high_dod;combined_stress,ROBUST_LOSO,583,583,0,0,0,8,False,ABSTAIN_INSUFFICIENT_FEASIBILITY,,0,0,0,0,0.0,,,,
2026,high_dod,baseline_use;high_temperature;high_c_rate;combined_stress,REFERENCE_INTERVAL_RISK,583,,,4,4,4,False,ABSTAIN_INSUFFICIENT_FEASIBILITY,,4,1,1,2,0.125,0.5,0.7769317790476649,0.015143101796584846,-1.0
2026,high_dod,baseline_use;high_temperature;high_c_rate;combined_stress,ROBUST_LOSO,583,583,0,0,0,8,False,ABSTAIN_INSUFFICIENT_FEASIBILITY,,0,0,0,0,0.0,,,,
2026,combined_stress,baseline_use;high_temperature;high_c_rate;high_dod,REFERENCE_INTERVAL_RISK,583,,,4,4,4,False,ABSTAIN_INSUFFICIENT_FEASIBILITY,,4,0,0,4,0.0,1.0,0.7479979288593683,0.02474832906190283,-1.0
2026,combined_stress,baseline_use;high_temperature;high_c_rate;high_dod,ROBUST_LOSO,583,533,50,2,2,6,False,ABSTAIN_INSUFFICIENT_FEASIBILITY,-0.061400795429938704,2,0,0,2,0.0,1.0,0.7776338888065266,0.032751963091377956,-1.0
4096,baseline_use,high_temperature;high_c_rate;high_dod;combined_stress,REFERENCE_INTERVAL_RISK,874,,,6,6,2,False,ABSTAIN_INSUFFICIENT_FEASIBILITY,,6,3,1,2,0.375,0.3333333333333333,0.789741488811172,0.012754981872186821,-1.0
4096,baseline_use,high_temperature;high_c_rate;high_dod;combined_stress,ROBUST_LOSO,874,874,0,0,0,8,False,ABSTAIN_INSUFFICIENT_FEASIBILITY,,0,0,0,0,0.0,,,,
4096,high_temperature,baseline_use;high_c_rate;high_dod;combined_stress,REFERENCE_INTERVAL_RISK,874,,,6,6,2,False,ABSTAIN_INSUFFICIENT_FEASIBILITY,,6,2,1,3,0.25,0.5,0.775965622941686,0.01902515384984449,-1.0
4096,high_temperature,baseline_use;high_c_rate;high_dod;combined_stress,ROBUST_LOSO,874,874,0,0,0,8,False,ABSTAIN_INSUFFICIENT_FEASIBILITY,,0,0,0,0,0.0,,,,
4096,high_c_rate,baseline_use;high_temperature;high_dod;combined_stress,REFERENCE_INTERVAL_RISK,874,,,6,6,2,False,ABSTAIN_INSUFFICIENT_FEASIBILITY,,6,3,1,2,0.375,0.3333333333333333,0.7870738976309051,0.013969152772573379,-1.0
4096,high_c_rate,baseline_use;high_temperature;high_dod;combined_stress,ROBUST_LOSO,874,874,0,0,0,8,False,ABSTAIN_INSUFFICIENT_FEASIBILITY,,0,0,0,0,0.0,,,,
4096,high_dod,baseline_use;high_temperature;high_c_rate;combined_stress,REFERENCE_INTERVAL_RISK,874,,,6,6,2,False,ABSTAIN_INSUFFICIENT_FEASIBILITY,,6,2,1,3,0.25,0.5,0.7778679410641299,0.012960258279814063,-1.0
4096,high_dod,baseline_use;high_temperature;high_c_rate;combined_stress,ROBUST_LOSO,874,874,0,0,0,8,False,ABSTAIN_INSUFFICIENT_FEASIBILITY,,0,0,0,0,0.0,,,,
4096,combined_stress,baseline_use;high_temperature;high_c_rate;high_dod,REFERENCE_INTERVAL_RISK,874,,,6,6,2,False,ABSTAIN_INSUFFICIENT_FEASIBILITY,,6,0,0,6,0.0,1.0,0.7525858163983162,0.021171885773771715,-1.0
4096,combined_stress,baseline_use;high_temperature;high_c_rate;high_dod,ROBUST_LOSO,874,464,410,3,3,5,False,ABSTAIN_INSUFFICIENT_FEASIBILITY,0.030992084983399337,3,0,0,3,0.0,1.0,0.7831570696712209,0.02413194806543184,-1.0
8110,baseline_use,high_temperature;high_c_rate;high_dod;combined_stress,REFERENCE_INTERVAL_RISK,1045,,,7,7,1,False,ABSTAIN_INSUFFICIENT_FEASIBILITY,,7,1,3,3,0.125,0.42857142857142855,0.7828384425707189,0.017235095864712058,-1.0
8110,baseline_use,high_temperature;high_c_rate;high_dod;combined_stress,ROBUST_LOSO,1045,1044,1,1,1,7,False,ABSTAIN_INSUFFICIENT_FEASIBILITY,-0.5660900590379363,1,0,1,0,0.0,0.0,0.8325333477475223,0.017187446679198137,-0.553607223445604
8110,high_temperature,baseline_use;high_c_rate;high_dod;combined_stress,REFERENCE_INTERVAL_RISK,1045,,,7,7,1,False,ABSTAIN_INSUFFICIENT_FEASIBILITY,,7,0,0,7,0.0,1.0,0.7686102980345494,0.02571209744759617,-1.0
8110,high_temperature,baseline_use;high_c_rate;high_dod;combined_stress,ROBUST_LOSO,1045,1044,1,1,1,7,False,ABSTAIN_INSUFFICIENT_FEASIBILITY,-0.5660900590379363,1,0,1,0,0.0,0.0,0.8204821526133755,0.025644144927098766,-0.5467868660247894
8110,high_c_rate,baseline_use;high_temperature;high_dod;combined_stress,REFERENCE_INTERVAL_RISK,1045,,,7,7,1,False,ABSTAIN_INSUFFICIENT_FEASIBILITY,,7,1,3,3,0.125,0.42857142857142855,0.7800832710819836,0.018876602458334002,-1.0
8110,high_c_rate,baseline_use;high_temperature;high_dod;combined_stress,ROBUST_LOSO,1045,1044,1,1,1,7,False,ABSTAIN_INSUFFICIENT_FEASIBILITY,-0.5660900590379363,1,0,1,0,0.0,0.0,0.8301997258789517,0.018825021687114418,-0.5522036734801095
8110,high_dod,baseline_use;high_temperature;high_c_rate;combined_stress,REFERENCE_INTERVAL_RISK,1045,,,7,7,1,False,ABSTAIN_INSUFFICIENT_FEASIBILITY,,7,0,2,5,0.0,0.7142857142857143,0.770575071607139,0.019338316221139795,-1.0
8110,high_dod,baseline_use;high_temperature;high_c_rate;combined_stress,ROBUST_LOSO,1045,1044,1,1,1,7,False,ABSTAIN_INSUFFICIENT_FEASIBILITY,-0.5657307100695785,1,0,1,0,0.0,0.0,0.8221463098516929,0.019186814250346185,-0.5660900590379365
8110,combined_stress,baseline_use;high_temperature;high_c_rate;high_dod,REFERENCE_INTERVAL_RISK,1045,,,7,7,1,False,ABSTAIN_INSUFFICIENT_FEASIBILITY,,7,0,0,7,0.0,1.0,0.7444629036073446,0.03159739608067946,-1.0
8110,combined_stress,baseline_use;high_temperature;high_c_rate;high_dod,ROBUST_LOSO,1045,983,62,2,2,6,False,ABSTAIN_INSUFFICIENT_FEASIBILITY,0.010228718482670374,2,0,0,2,0.0,1.0,0.7780449680705053,0.02503526775002296,-1.0
17001,baseline_use,high_temperature;high_c_rate;high_dod;combined_stress,REFERENCE_INTERVAL_RISK,558,,,4,4,4,False,ABSTAIN_INSUFFICIENT_FEASIBILITY,,4,2,2,0,0.25,0.0,0.8008902213370553,0.01471287811358124,-0.1449391716921784
17001,baseline_use,high_temperature;high_c_rate;high_dod;combined_stress,ROBUST_LOSO,558,558,0,0,0,8,False,ABSTAIN_INSUFFICIENT_FEASIBILITY,,0,0,0,0,0.0,,,,
17001,high_temperature,baseline_use;high_c_rate;high_dod;combined_stress,REFERENCE_INTERVAL_RISK,558,,,4,4,4,False,ABSTAIN_INSUFFICIENT_FEASIBILITY,,4,0,0,4,0.0,1.0,0.7852855910874146,0.021951216985904853,-1.0
17001,high_temperature,baseline_use;high_c_rate;high_dod;combined_stress,ROBUST_LOSO,558,558,0,0,0,8,False,ABSTAIN_INSUFFICIENT_FEASIBILITY,,0,0,0,0,0.0,,,,
17001,high_c_rate,baseline_use;high_temperature;high_dod;combined_stress,REFERENCE_INTERVAL_RISK,558,,,4,4,4,False,ABSTAIN_INSUFFICIENT_FEASIBILITY,,4,1,0,3,0.125,0.75,0.7982553195704989,0.016114527136483536,-1.0
17001,high_c_rate,baseline_use;high_temperature;high_dod;combined_stress,ROBUST_LOSO,558,558,0,0,0,8,False,ABSTAIN_INSUFFICIENT_FEASIBILITY,,0,0,0,0,0.0,,,,
17001,high_dod,baseline_use;high_temperature;high_c_rate;combined_stress,REFERENCE_INTERVAL_RISK,558,,,4,4,4,False,ABSTAIN_INSUFFICIENT_FEASIBILITY,,4,0,0,4,0.0,1.0,0.7891621753885592,0.01568419943046151,-1.0
17001,high_dod,baseline_use;high_temperature;high_c_rate;combined_stress,ROBUST_LOSO,558,558,0,0,0,8,False,ABSTAIN_INSUFFICIENT_FEASIBILITY,,0,0,0,0,0.0,,,,
17001,combined_stress,baseline_use;high_temperature;high_c_rate;high_dod,REFERENCE_INTERVAL_RISK,558,,,4,4,4,False,ABSTAIN_INSUFFICIENT_FEASIBILITY,,4,0,0,4,0.0,1.0,0.7601826569670389,0.02562927666269199,-1.0
17001,combined_stress,baseline_use;high_temperature;high_c_rate;high_dod,ROBUST_LOSO,558,543,15,1,1,7,False,ABSTAIN_INSUFFICIENT_FEASIBILITY,-0.051903779352134194,1,0,0,1,0.0,1.0,0.7780419591254155,0.02763211289798262,-1.0
17002,baseline_use,high_temperature;high_c_rate;high_dod;combined_stress,REFERENCE_INTERVAL_RISK,783,,,5,5,3,False,ABSTAIN_INSUFFICIENT_FEASIBILITY,,5,1,0,4,0.125,0.8,0.795643643684856,0.016734445357339034,-1.0
17002,baseline_use,high_temperature;high_c_rate;high_dod;combined_stress,ROBUST_LOSO,783,783,0,0,0,8,False,ABSTAIN_INSUFFICIENT_FEASIBILITY,,0,0,0,0,0.0,,,,
17002,high_temperature,baseline_use;high_c_rate;high_dod;combined_stress,REFERENCE_INTERVAL_RISK,783,,,5,5,3,False,ABSTAIN_INSUFFICIENT_FEASIBILITY,,5,0,0,5,0.0,1.0,0.7816780429310676,0.024969157558355715,-1.0
17002,high_temperature,baseline_use;high_c_rate;high_dod;combined_stress,ROBUST_LOSO,783,783,0,0,0,8,False,ABSTAIN_INSUFFICIENT_FEASIBILITY,,0,0,0,0,0.0,,,,
17002,high_c_rate,baseline_use;high_temperature;high_dod;combined_stress,REFERENCE_INTERVAL_RISK,783,,,5,5,3,False,ABSTAIN_INSUFFICIENT_FEASIBILITY,,5,1,0,4,0.125,0.8,0.7929393117937873,0.018329034463213656,-1.0
17002,high_c_rate,baseline_use;high_temperature;high_dod;combined_stress,ROBUST_LOSO,783,783,0,0,0,8,False,ABSTAIN_INSUFFICIENT_FEASIBILITY,,0,0,0,0,0.0,,,,
17002,high_dod,baseline_use;high_temperature;high_c_rate;combined_stress,REFERENCE_INTERVAL_RISK,783,,,5,5,3,False,ABSTAIN_INSUFFICIENT_FEASIBILITY,,5,0,0,5,0.0,1.0,0.7836065616649495,0.01867485875672381,-1.0
17002,high_dod,baseline_use;high_temperature;high_c_rate;combined_stress,ROBUST_LOSO,783,783,0,0,0,8,False,ABSTAIN_INSUFFICIENT_FEASIBILITY,,0,0,0,0,0.0,,,,
17002,combined_stress,baseline_use;high_temperature;high_c_rate;high_dod,REFERENCE_INTERVAL_RISK,783,,,5,5,3,False,ABSTAIN_INSUFFICIENT_FEASIBILITY,,5,0,0,5,0.0,1.0,0.757976226509586,0.030518452709813237,-1.0
17002,combined_stress,baseline_use;high_temperature;high_c_rate;high_dod,ROBUST_LOSO,783,769,14,1,1,7,False,ABSTAIN_INSUFFICIENT_FEASIBILITY,0.030838885262816973,1,0,0,1,0.0,1.0,0.7833223683518883,0.02826361007779221,-1.0
17003,baseline_use,high_temperature;high_c_rate;high_dod;combined_stress,REFERENCE_INTERVAL_RISK,1123,,,8,8,0,False,ACCEPT_FIXED_GROUPS,,8,2,5,1,0.25,0.125,0.7928469844360075,0.0156274222277486,-1.0
17003,baseline_use,high_temperature;high_c_rate;high_dod;combined_stress,ROBUST_LOSO,1123,1123,0,0,0,8,False,ABSTAIN_INSUFFICIENT_FEASIBILITY,,0,0,0,0,0.0,,,,
17003,high_temperature,baseline_use;high_c_rate;high_dod;combined_stress,REFERENCE_INTERVAL_RISK,1123,,,8,8,0,False,ACCEPT_FIXED_GROUPS,,8,0,2,6,0.0,0.75,0.7786902615306108,0.023313095588709976,-1.0
17003,high_temperature,baseline_use;high_c_rate;high_dod;combined_stress,ROBUST_LOSO,1123,1123,0,0,0,8,False,ABSTAIN_INSUFFICIENT_FEASIBILITY,,0,0,0,0,0.0,,,,
17003,high_c_rate,baseline_use;high_temperature;high_dod;combined_stress,REFERENCE_INTERVAL_RISK,1123,,,8,8,0,False,ACCEPT_FIXED_GROUPS,,8,2,4,2,0.25,0.25,0.7901056432004219,0.01711569415681291,-1.0
17003,high_c_rate,baseline_use;high_temperature;high_dod;combined_stress,ROBUST_LOSO,1123,1123,0,0,0,8,False,ABSTAIN_INSUFFICIENT_FEASIBILITY,,0,0,0,0,0.0,,,,
17003,high_dod,baseline_use;high_temperature;high_c_rate;combined_stress,REFERENCE_INTERVAL_RISK,1123,,,8,8,0,False,ACCEPT_FIXED_GROUPS,,8,0,3,5,0.0,0.625,0.7806451724445596,0.017209981748270486,-1.0
17003,high_dod,baseline_use;high_temperature;high_c_rate;combined_stress,ROBUST_LOSO,1123,1123,0,0,0,8,False,ABSTAIN_INSUFFICIENT_FEASIBILITY,,0,0,0,0,0.0,,,,
17003,combined_stress,baseline_use;high_temperature;high_c_rate;high_dod,REFERENCE_INTERVAL_RISK,1123,,,8,8,0,False,ACCEPT_FIXED_GROUPS,,8,0,0,8,0.0,1.0,0.7546640808206633,0.028119085537801736,-1.0
17003,combined_stress,baseline_use;high_temperature;high_c_rate;high_dod,ROBUST_LOSO,1123,924,199,3,3,5,False,ABSTAIN_INSUFFICIENT_FEASIBILITY,0.017538812559736803,3,0,0,3,0.0,1.0,0.7796842479673677,0.025016471506724036,-1.0
17004,baseline_use,high_temperature;high_c_rate;high_dod;combined_stress,REFERENCE_INTERVAL_RISK,861,,,5,5,3,False,ABSTAIN_INSUFFICIENT_FEASIBILITY,,5,1,1,3,0.125,0.6,0.7808969414573503,0.016364991752209068,-1.0
17004,baseline_use,high_temperature;high_c_rate;high_dod;combined_stress,ROBUST_LOSO,861,861,0,0,0,8,False,ABSTAIN_INSUFFICIENT_FEASIBILITY,,0,0,0,0,0.0,,,,
17004,high_temperature,baseline_use;high_c_rate;high_dod;combined_stress,REFERENCE_INTERVAL_RISK,861,,,5,5,3,False,ABSTAIN_INSUFFICIENT_FEASIBILITY,,5,0,1,4,0.0,0.8,0.7635435941645654,0.02441441861077287,-1.0
17004,high_temperature,baseline_use;high_c_rate;high_dod;combined_stress,ROBUST_LOSO,861,861,0,0,0,8,False,ABSTAIN_INSUFFICIENT_FEASIBILITY,,0,0,0,0,0.0,,,,
17004,high_c_rate,baseline_use;high_temperature;high_dod;combined_stress,REFERENCE_INTERVAL_RISK,861,,,5,5,3,False,ABSTAIN_INSUFFICIENT_FEASIBILITY,,5,0,1,4,0.0,0.8,0.7775365983308337,0.017923701767066813,-1.0
17004,high_c_rate,baseline_use;high_temperature;high_dod;combined_stress,ROBUST_LOSO,861,861,0,0,0,8,False,ABSTAIN_INSUFFICIENT_FEASIBILITY,,0,0,0,0,0.0,,,,
17004,high_dod,baseline_use;high_temperature;high_c_rate;combined_stress,REFERENCE_INTERVAL_RISK,861,,,5,5,3,False,ABSTAIN_INSUFFICIENT_FEASIBILITY,,5,0,1,4,0.0,0.8,0.7688913720100872,0.017866676104766555,-1.0
17004,high_dod,baseline_use;high_temperature;high_c_rate;combined_stress,ROBUST_LOSO,861,861,0,0,0,8,False,ABSTAIN_INSUFFICIENT_FEASIBILITY,,0,0,0,0,0.0,,,,
17004,combined_stress,baseline_use;high_temperature;high_c_rate;high_dod,REFERENCE_INTERVAL_RISK,861,,,5,5,3,False,ABSTAIN_INSUFFICIENT_FEASIBILITY,,5,0,0,5,0.0,1.0,0.7389146124746635,0.029193347636911282,-1.0
17004,combined_stress,baseline_use;high_temperature;high_c_rate;high_dod,ROBUST_LOSO,861,790,71,2,2,6,False,ABSTAIN_INSUFFICIENT_FEASIBILITY,-0.03039204316580591,2,0,0,2,0.0,1.0,0.7791038231053076,0.029193347636911282,-1.0
17005,baseline_use,high_temperature;high_c_rate;high_dod;combined_stress,REFERENCE_INTERVAL_RISK,943,,,6,6,2,False,ABSTAIN_INSUFFICIENT_FEASIBILITY,,6,2,1,3,0.25,0.5,0.7808071767369021,0.01724176016709089,-1.0
17005,baseline_use,high_temperature;high_c_rate;high_dod;combined_stress,ROBUST_LOSO,943,943,0,0,0,8,False,ABSTAIN_INSUFFICIENT_FEASIBILITY,,0,0,0,0,0.0,,,,
17005,high_temperature,baseline_use;high_c_rate;high_dod;combined_stress,REFERENCE_INTERVAL_RISK,943,,,6,6,2,False,ABSTAIN_INSUFFICIENT_FEASIBILITY,,6,0,0,6,0.0,1.0,0.7634467199205033,0.025718094536709257,-1.0
17005,high_temperature,baseline_use;high_c_rate;high_dod;combined_stress,ROBUST_LOSO,943,943,0,0,0,8,False,ABSTAIN_INSUFFICIENT_FEASIBILITY,,0,0,0,0,0.0,,,,
17005,high_c_rate,baseline_use;high_temperature;high_dod;combined_stress,REFERENCE_INTERVAL_RISK,943,,,6,6,2,False,ABSTAIN_INSUFFICIENT_FEASIBILITY,,6,2,1,3,0.25,0.5,0.7774454569054532,0.01888313755996096,-1.0
17005,high_c_rate,baseline_use;high_temperature;high_dod;combined_stress,ROBUST_LOSO,943,943,0,0,0,8,False,ABSTAIN_INSUFFICIENT_FEASIBILITY,,0,0,0,0,0.0,,,,
17005,high_dod,baseline_use;high_temperature;high_c_rate;combined_stress,REFERENCE_INTERVAL_RISK,943,,,6,6,2,False,ABSTAIN_INSUFFICIENT_FEASIBILITY,,6,0,0,6,0.0,1.0,0.7687966887066104,0.019252841158740708,-1.0
17005,high_dod,baseline_use;high_temperature;high_c_rate;combined_stress,ROBUST_LOSO,943,943,0,0,0,8,False,ABSTAIN_INSUFFICIENT_FEASIBILITY,,0,0,0,0,0.0,,,,
17005,combined_stress,baseline_use;high_temperature;high_c_rate;high_dod,REFERENCE_INTERVAL_RISK,943,,,6,6,2,False,ABSTAIN_INSUFFICIENT_FEASIBILITY,,6,0,0,6,0.0,1.0,0.7388076479394343,0.031452653618253334,-1.0
17005,combined_stress,baseline_use;high_temperature;high_c_rate;high_dod,ROBUST_LOSO,943,817,126,3,3,5,False,ABSTAIN_INSUFFICIENT_FEASIBILITY,0.0181789638035994,3,0,0,3,0.0,1.0,0.7809284484958606,0.02333774747521855,-1.0
17006,baseline_use,high_temperature;high_c_rate;high_dod;combined_stress,REFERENCE_INTERVAL_RISK,70,,,2,2,6,False,ABSTAIN_INSUFFICIENT_FEASIBILITY,,2,0,0,2,0.0,1.0,0.7957731351130675,0.015434804483917652,-1.0
17006,baseline_use,high_temperature;high_c_rate;high_dod;combined_stress,ROBUST_LOSO,70,70,0,0,0,8,False,ABSTAIN_INSUFFICIENT_FEASIBILITY,,0,0,0,0,0.0,,,,
17006,high_temperature,baseline_use;high_c_rate;high_dod;combined_stress,REFERENCE_INTERVAL_RISK,70,,,2,2,6,False,ABSTAIN_INSUFFICIENT_FEASIBILITY,,2,0,0,2,0.0,1.0,0.7787637760566148,0.023027306031082828,-1.0
17006,high_temperature,baseline_use;high_c_rate;high_dod;combined_stress,ROBUST_LOSO,70,70,0,0,0,8,False,ABSTAIN_INSUFFICIENT_FEASIBILITY,,0,0,0,0,0.0,,,,
17006,high_c_rate,baseline_use;high_temperature;high_dod;combined_stress,REFERENCE_INTERVAL_RISK,70,,,2,2,6,False,ABSTAIN_INSUFFICIENT_FEASIBILITY,,2,0,0,2,0.0,1.0,0.7924794026805028,0.016905034403057906,-1.0
17006,high_c_rate,baseline_use;high_temperature;high_dod;combined_stress,ROBUST_LOSO,70,70,0,0,0,8,False,ABSTAIN_INSUFFICIENT_FEASIBILITY,,0,0,0,0,0.0,,,,
17006,high_dod,baseline_use;high_temperature;high_c_rate;combined_stress,REFERENCE_INTERVAL_RISK,70,,,2,2,6,False,ABSTAIN_INSUFFICIENT_FEASIBILITY,,2,0,0,2,0.0,1.0,0.7840055471105741,0.0167916228722218,-1.0
17006,high_dod,baseline_use;high_temperature;high_c_rate;combined_stress,ROBUST_LOSO,70,70,0,0,0,8,False,ABSTAIN_INSUFFICIENT_FEASIBILITY,,0,0,0,0,0.0,,,,
17006,combined_stress,baseline_use;high_temperature;high_c_rate;high_dod,REFERENCE_INTERVAL_RISK,70,,,2,2,6,False,ABSTAIN_INSUFFICIENT_FEASIBILITY,,2,0,0,2,0.0,1.0,0.7546230044988121,0.027437541296779555,-1.0
17006,combined_stress,baseline_use;high_temperature;high_c_rate;high_dod,ROBUST_LOSO,70,70,0,0,0,8,False,ABSTAIN_INSUFFICIENT_FEASIBILITY,,0,0,0,0,0.0,,,,
17007,baseline_use,high_temperature;high_c_rate;high_dod;combined_stress,REFERENCE_INTERVAL_RISK,1373,,,8,8,0,False,ACCEPT_FIXED_GROUPS,,8,2,3,3,0.25,0.375,0.7930487581337049,0.013576050273575335,-1.0
17007,baseline_use,high_temperature;high_c_rate;high_dod;combined_stress,ROBUST_LOSO,1373,1373,0,0,0,8,False,ABSTAIN_INSUFFICIENT_FEASIBILITY,,0,0,0,0,0.0,,,,
17007,high_temperature,baseline_use;high_c_rate;high_dod;combined_stress,REFERENCE_INTERVAL_RISK,1373,,,8,8,0,False,ACCEPT_FIXED_GROUPS,,8,3,2,3,0.375,0.375,0.776657856077539,0.0202534883968728,-1.0
17007,high_temperature,baseline_use;high_c_rate;high_dod;combined_stress,ROBUST_LOSO,1373,1373,0,0,0,8,False,ABSTAIN_INSUFFICIENT_FEASIBILITY,,0,0,0,0,0.0,,,,
17007,high_c_rate,baseline_use;high_temperature;high_dod;combined_stress,REFERENCE_INTERVAL_RISK,1373,,,8,8,0,False,ACCEPT_FIXED_GROUPS,,8,2,3,3,0.25,0.375,0.7898747851743355,0.014869085151618222,-1.0
17007,high_c_rate,baseline_use;high_temperature;high_dod;combined_stress,ROBUST_LOSO,1373,1373,0,0,0,8,False,ABSTAIN_INSUFFICIENT_FEASIBILITY,,0,0,0,0,0.0,,,,
17007,high_dod,baseline_use;high_temperature;high_c_rate;combined_stress,REFERENCE_INTERVAL_RISK,1373,,,8,8,0,False,ACCEPT_FIXED_GROUPS,,8,2,3,3,0.25,0.375,0.7817090373513976,0.014241749930794967,-1.0
17007,high_dod,baseline_use;high_temperature;high_c_rate;combined_stress,ROBUST_LOSO,1373,1373,0,0,0,8,False,ABSTAIN_INSUFFICIENT_FEASIBILITY,,0,0,0,0,0.0,,,,
17007,combined_stress,baseline_use;high_temperature;high_c_rate;high_dod,REFERENCE_INTERVAL_RISK,1373,,,8,8,0,False,ACCEPT_FIXED_GROUPS,,8,0,0,8,0.0,1.0,0.7533948382970945,0.023270469883601708,-1.0
17007,combined_stress,baseline_use;high_temperature;high_c_rate;high_dod,ROBUST_LOSO,1373,925,448,4,4,4,False,ABSTAIN_INSUFFICIENT_FEASIBILITY,0.018220893791350817,4,0,0,4,0.0,1.0,0.7806876046291901,0.03328144841411507,-1.0
17008,baseline_use,high_temperature;high_c_rate;high_dod;combined_stress,REFERENCE_INTERVAL_RISK,35,,,1,1,7,False,ABSTAIN_INSUFFICIENT_FEASIBILITY,,1,0,0,1,0.0,1.0,0.7993711568549517,0.011557631027387938,-1.0
17008,baseline_use,high_temperature;high_c_rate;high_dod;combined_stress,ROBUST_LOSO,35,35,0,0,0,8,False,ABSTAIN_INSUFFICIENT_FEASIBILITY,,0,0,0,0,0.0,,,,
17008,high_temperature,baseline_use;high_c_rate;high_dod;combined_stress,REFERENCE_INTERVAL_RISK,35,,,1,1,7,False,ABSTAIN_INSUFFICIENT_FEASIBILITY,,1,0,0,1,0.0,1.0,0.7834809998886216,0.017243716784069107,-1.0
17008,high_temperature,baseline_use;high_c_rate;high_dod;combined_stress,ROBUST_LOSO,35,35,0,0,0,8,False,ABSTAIN_INSUFFICIENT_FEASIBILITY,,0,0,0,0,0.0,,,,
17008,high_c_rate,baseline_use;high_temperature;high_dod;combined_stress,REFERENCE_INTERVAL_RISK,35,,,1,1,7,False,ABSTAIN_INSUFFICIENT_FEASIBILITY,,1,0,0,1,0.0,1.0,0.7962941493566186,0.012658698093405363,-1.0
17008,high_c_rate,baseline_use;high_temperature;high_dod;combined_stress,ROBUST_LOSO,35,35,0,0,0,8,False,ABSTAIN_INSUFFICIENT_FEASIBILITY,,0,0,0,0,0.0,,,,
17008,high_dod,baseline_use;high_temperature;high_c_rate;combined_stress,REFERENCE_INTERVAL_RISK,35,,,1,1,7,False,ABSTAIN_INSUFFICIENT_FEASIBILITY,,1,0,0,1,0.0,1.0,0.7883778666401869,0.011385153164997996,-1.0
17008,high_dod,baseline_use;high_temperature;high_c_rate;combined_stress,ROBUST_LOSO,35,35,0,0,0,8,False,ABSTAIN_INSUFFICIENT_FEASIBILITY,,0,0,0,0,0.0,,,,
17008,combined_stress,baseline_use;high_temperature;high_c_rate;high_dod,REFERENCE_INTERVAL_RISK,35,,,1,1,7,False,ABSTAIN_INSUFFICIENT_FEASIBILITY,,1,0,0,1,0.0,1.0,0.7609286716046066,0.01860450368867883,-1.0
17008,combined_stress,baseline_use;high_temperature;high_c_rate;high_dod,ROBUST_LOSO,35,35,0,0,0,8,False,ABSTAIN_INSUFFICIENT_FEASIBILITY,,0,0,0,0,0.0,,,,
17009,baseline_use,high_temperature;high_c_rate;high_dod;combined_stress,REFERENCE_INTERVAL_RISK,2800,,,17,8,0,False,ACCEPT_FIXED_GROUPS,,8,6,0,2,0.75,0.25,0.7851379947684526,0.016096118702641826,-1.0
17009,baseline_use,high_temperature;high_c_rate;high_dod;combined_stress,ROBUST_LOSO,2800,2119,681,6,6,2,False,ABSTAIN_INSUFFICIENT_FEASIBILITY,0.07009906776096203,6,6,0,0,0.75,0.0,0.8410923477602541,0.01480753379456523,0.20546173880127033
17009,high_temperature,baseline_use;high_c_rate;high_dod;combined_stress,REFERENCE_INTERVAL_RISK,2800,,,17,8,0,False,ACCEPT_FIXED_GROUPS,,8,6,0,2,0.75,0.25,0.7721340049576737,0.024009584966903086,-1.0
17009,high_temperature,baseline_use;high_c_rate;high_dod;combined_stress,ROBUST_LOSO,2800,2119,681,6,6,2,False,ABSTAIN_INSUFFICIENT_FEASIBILITY,0.07009906776096211,6,6,0,0,0.75,0.0,0.8298675975174432,0.024009584966903086,0.14933798758721586
17009,high_c_rate,baseline_use;high_temperature;high_dod;combined_stress,REFERENCE_INTERVAL_RISK,2800,,,17,8,0,False,ACCEPT_FIXED_GROUPS,,8,6,0,2,0.75,0.25,0.7826198714899476,0.017628500987129758,-1.0
17009,high_c_rate,baseline_use;high_temperature;high_dod;combined_stress,ROBUST_LOSO,2800,2119,681,6,6,2,False,ABSTAIN_INSUFFICIENT_FEASIBILITY,0.07009906776096211,6,6,0,0,0.75,0.0,0.8389187606309871,0.017628500987129758,0.19459380315493552
17009,high_dod,baseline_use;high_temperature;high_c_rate;combined_stress,REFERENCE_INTERVAL_RISK,2800,,,17,8,0,False,ACCEPT_FIXED_GROUPS,,8,6,0,2,0.75,0.25,0.773929734221844,0.026699087494993057,-1.0
17009,high_dod,baseline_use;high_temperature;high_c_rate;combined_stress,ROBUST_LOSO,2800,2119,681,6,6,2,False,ABSTAIN_INSUFFICIENT_FEASIBILITY,0.07009906776096211,6,6,0,0,0.75,0.0,0.8336194794209749,0.026699087494993057,0.1680973971048744
17009,combined_stress,baseline_use;high_temperature;high_c_rate;high_dod,REFERENCE_INTERVAL_RISK,2800,,,17,8,0,False,ACCEPT_FIXED_GROUPS,,8,5,0,3,0.625,0.375,0.7500641932341578,0.04361985577147531,-1.0
17009,combined_stress,baseline_use;high_temperature;high_c_rate;high_dod,ROBUST_LOSO,2800,1623,1177,10,8,0,False,ACCEPT_FIXED_GROUPS,0.08561784444567433,8,5,0,3,0.625,0.375,0.7949376043870858,0.05086676992614425,-1.0
17010,baseline_use,high_temperature;high_c_rate;high_dod;combined_stress,REFERENCE_INTERVAL_RISK,602,,,4,4,4,False,ABSTAIN_INSUFFICIENT_FEASIBILITY,,4,3,0,1,0.375,0.25,0.7967087331437399,0.017650820957151536,-1.0
17010,baseline_use,high_temperature;high_c_rate;high_dod;combined_stress,ROBUST_LOSO,602,602,0,0,0,8,False,ABSTAIN_INSUFFICIENT_FEASIBILITY,,0,0,0,0,0.0,,,,
17010,high_temperature,baseline_use;high_c_rate;high_dod;combined_stress,REFERENCE_INTERVAL_RISK,602,,,4,4,4,False,ABSTAIN_INSUFFICIENT_FEASIBILITY,,4,0,0,4,0.0,1.0,0.7828159200165176,0.02633242020024551,-1.0
17010,high_temperature,baseline_use;high_c_rate;high_dod;combined_stress,ROBUST_LOSO,602,602,0,0,0,8,False,ABSTAIN_INSUFFICIENT_FEASIBILITY,,0,0,0,0,0.0,,,,
17010,high_c_rate,baseline_use;high_temperature;high_dod;combined_stress,REFERENCE_INTERVAL_RISK,602,,,4,4,4,False,ABSTAIN_INSUFFICIENT_FEASIBILITY,,4,1,0,3,0.125,0.75,0.7940184960204703,0.019331946324580462,-1.0
17010,high_c_rate,baseline_use;high_temperature;high_dod;combined_stress,ROBUST_LOSO,602,602,0,0,0,8,False,ABSTAIN_INSUFFICIENT_FEASIBILITY,,0,0,0,0,0.0,,,,
17010,high_dod,baseline_use;high_temperature;high_c_rate;combined_stress,REFERENCE_INTERVAL_RISK,602,,,4,4,4,False,ABSTAIN_INSUFFICIENT_FEASIBILITY,,4,1,0,3,0.125,0.75,0.7847343874605264,0.019848887176665997,-1.0
17010,high_dod,baseline_use;high_temperature;high_c_rate;combined_stress,ROBUST_LOSO,602,602,0,0,0,8,False,ABSTAIN_INSUFFICIENT_FEASIBILITY,,0,0,0,0,0.0,,,,
17010,combined_stress,baseline_use;high_temperature;high_c_rate;high_dod,REFERENCE_INTERVAL_RISK,602,,,4,4,4,False,ABSTAIN_INSUFFICIENT_FEASIBILITY,,4,0,0,4,0.0,1.0,0.7592376356215513,0.03243179206160818,-1.0
17010,combined_stress,baseline_use;high_temperature;high_c_rate;high_dod,ROBUST_LOSO,602,601,1,1,1,7,False,ABSTAIN_INSUFFICIENT_FEASIBILITY,-0.07580068765328996,1,0,0,1,0.0,1.0,0.7781980543253164,0.02577835148229135,-1.0
17011,baseline_use,high_temperature;high_c_rate;high_dod;combined_stress,REFERENCE_INTERVAL_RISK,450,,,3,3,5,False,ABSTAIN_INSUFFICIENT_FEASIBILITY,,3,1,0,2,0.125,0.6666666666666666,0.797924530388721,0.015445860339055706,-1.0
17011,baseline_use,high_temperature;high_c_rate;high_dod;combined_stress,ROBUST_LOSO,450,450,0,0,0,8,False,ABSTAIN_INSUFFICIENT_FEASIBILITY,,0,0,0,0,0.0,,,,
17011,high_temperature,baseline_use;high_c_rate;high_dod;combined_stress,REFERENCE_INTERVAL_RISK,450,,,3,3,5,False,ABSTAIN_INSUFFICIENT_FEASIBILITY,,3,0,0,3,0.0,1.0,0.7819197980639345,0.02304509264089072,-1.0
17011,high_temperature,baseline_use;high_c_rate;high_dod;combined_stress,ROBUST_LOSO,450,450,0,0,0,8,False,ABSTAIN_INSUFFICIENT_FEASIBILITY,,0,0,0,0,0.0,,,,
17011,high_c_rate,baseline_use;high_temperature;high_dod;combined_stress,REFERENCE_INTERVAL_RISK,450,,,3,3,5,False,ABSTAIN_INSUFFICIENT_FEASIBILITY,,3,1,0,2,0.125,0.6666666666666666,0.7948253362475598,0.016917393617416066,-1.0
17011,high_c_rate,baseline_use;high_temperature;high_dod;combined_stress,ROBUST_LOSO,450,450,0,0,0,8,False,ABSTAIN_INSUFFICIENT_FEASIBILITY,,0,0,0,0,0.0,,,,
17011,high_dod,baseline_use;high_temperature;high_c_rate;combined_stress,REFERENCE_INTERVAL_RISK,450,,,3,3,5,False,ABSTAIN_INSUFFICIENT_FEASIBILITY,,3,0,0,3,0.0,1.0,0.7868519734826553,0.01677019683963965,-1.0
17011,high_dod,baseline_use;high_temperature;high_c_rate;combined_stress,ROBUST_LOSO,450,450,0,0,0,8,False,ABSTAIN_INSUFFICIENT_FEASIBILITY,,0,0,0,0,0.0,,,,
17011,combined_stress,baseline_use;high_temperature;high_c_rate;high_dod,REFERENCE_INTERVAL_RISK,450,,,3,3,5,False,ABSTAIN_INSUFFICIENT_FEASIBILITY,,3,0,0,3,0.0,1.0,0.7592048570944285,0.027404200028465997,-1.0
17011,combined_stress,baseline_use;high_temperature;high_c_rate;high_dod,ROBUST_LOSO,450,450,0,0,0,8,False,ABSTAIN_INSUFFICIENT_FEASIBILITY,,0,0,0,0,0.0,,,,
17012,baseline_use,high_temperature;high_c_rate;high_dod;combined_stress,REFERENCE_INTERVAL_RISK,739,,,5,5,3,False,ABSTAIN_INSUFFICIENT_FEASIBILITY,,5,2,1,2,0.25,0.4,0.7969585699028863,0.014902064210091437,-1.0
17012,baseline_use,high_temperature;high_c_rate;high_dod;combined_stress,ROBUST_LOSO,739,739,0,0,0,8,False,ABSTAIN_INSUFFICIENT_FEASIBILITY,,0,0,0,0,0.0,,,,
17012,high_temperature,baseline_use;high_c_rate;high_dod;combined_stress,REFERENCE_INTERVAL_RISK,739,,,5,5,3,False,ABSTAIN_INSUFFICIENT_FEASIBILITY,,5,0,0,5,0.0,1.0,0.7800479416671275,0.022230319615609062,-1.0
17012,high_temperature,baseline_use;high_c_rate;high_dod;combined_stress,ROBUST_LOSO,739,739,0,0,0,8,False,ABSTAIN_INSUFFICIENT_FEASIBILITY,,0,0,0,0,0.0,,,,
17012,high_c_rate,baseline_use;high_temperature;high_dod;combined_stress,REFERENCE_INTERVAL_RISK,739,,,5,5,3,False,ABSTAIN_INSUFFICIENT_FEASIBILITY,,5,2,0,3,0.25,0.6,0.7936839559394615,0.0163211248826991,-1.0
17012,high_c_rate,baseline_use;high_temperature;high_dod;combined_stress,ROBUST_LOSO,739,739,0,0,0,8,False,ABSTAIN_INSUFFICIENT_FEASIBILITY,,0,0,0,0,0.0,,,,
17012,high_dod,baseline_use;high_temperature;high_c_rate;combined_stress,REFERENCE_INTERVAL_RISK,739,,,5,5,3,False,ABSTAIN_INSUFFICIENT_FEASIBILITY,,5,0,0,5,0.0,1.0,0.7852592868622211,0.016104078344138628,-1.0
17012,high_dod,baseline_use;high_temperature;high_c_rate;combined_stress,ROBUST_LOSO,739,739,0,0,0,8,False,ABSTAIN_INSUFFICIENT_FEASIBILITY,,0,0,0,0,0.0,,,,
17012,combined_stress,baseline_use;high_temperature;high_c_rate;high_dod,REFERENCE_INTERVAL_RISK,739,,,5,5,3,False,ABSTAIN_INSUFFICIENT_FEASIBILITY,,5,0,0,5,0.0,1.0,0.756047295212227,0.02631128416293027,-1.0
17012,combined_stress,baseline_use;high_temperature;high_c_rate;high_dod,ROBUST_LOSO,739,698,41,2,2,6,False,ABSTAIN_INSUFFICIENT_FEASIBILITY,0.0013731184091909654,2,0,0,2,0.0,1.0,0.7760591102932912,0.02045329097520221,-1.0
17013,baseline_use,high_temperature;high_c_rate;high_dod;combined_stress,REFERENCE_INTERVAL_RISK,2264,,,15,8,0,False,ACCEPT_FIXED_GROUPS,,8,5,0,3,0.625,0.375,0.7815734841785853,0.013913883695471307,-1.0
17013,baseline_use,high_temperature;high_c_rate;high_dod;combined_stress,ROBUST_LOSO,2264,1984,280,6,6,2,False,ABSTAIN_INSUFFICIENT_FEASIBILITY,0.004801789243586514,6,6,0,0,0.75,0.0,0.8354761959466758,0.012239928682288292,0.17738097973337866
17013,high_temperature,baseline_use;high_c_rate;high_dod;combined_stress,REFERENCE_INTERVAL_RISK,2264,,,15,8,0,False,ACCEPT_FIXED_GROUPS,,8,5,0,3,0.625,0.375,0.7683537612076271,0.0207577926127116,-1.0
17013,high_temperature,baseline_use;high_c_rate;high_dod;combined_stress,ROBUST_LOSO,2264,1984,280,6,6,2,False,ABSTAIN_INSUFFICIENT_FEASIBILITY,0.00480178924354715,6,6,0,0,0.75,0.0,0.8226874189208698,0.01629323956546669,0.06709271578689546
17013,high_c_rate,baseline_use;high_temperature;high_dod;combined_stress,REFERENCE_INTERVAL_RISK,2264,,,15,8,0,False,ACCEPT_FIXED_GROUPS,,8,5,0,3,0.625,0.375,0.7790135858217775,0.015239154370951802,-1.0
17013,high_c_rate,baseline_use;high_temperature;high_dod;combined_stress,ROBUST_LOSO,2264,1984,280,6,6,2,False,ABSTAIN_INSUFFICIENT_FEASIBILITY,0.00480178924354715,6,6,0,0,0.75,0.0,0.8329997469797903,0.011960923029321835,0.07226450620186764
17013,high_dod,baseline_use;high_temperature;high_c_rate;combined_stress,REFERENCE_INTERVAL_RISK,2264,,,15,8,0,False,ACCEPT_FIXED_GROUPS,,8,5,0,3,0.625,0.375,0.7701792812017674,0.022284961515364188,-1.0
17013,high_dod,baseline_use;high_temperature;high_c_rate;combined_stress,ROBUST_LOSO,2264,1984,280,6,6,2,False,ABSTAIN_INSUFFICIENT_FEASIBILITY,0.00480178924354715,6,6,0,0,0.75,0.0,0.8244534293140149,0.019512813648342675,0.06048264784612045
17013,combined_stress,baseline_use;high_temperature;high_c_rate;high_dod,REFERENCE_INTERVAL_RISK,2264,,,15,8,0,False,ACCEPT_FIXED_GROUPS,,8,2,0,6,0.25,0.75,0.7459178164513303,0.03641421125165811,-1.0
17013,combined_stress,baseline_use;high_temperature;high_c_rate;high_dod,ROBUST_LOSO,2264,1505,759,9,8,0,False,ACCEPT_FIXED_GROUPS,0.04880948042561781,8,4,0,4,0.5,0.5,0.7855753728509999,0.0346150568116379,-1.0
17014,baseline_use,high_temperature;high_c_rate;high_dod;combined_stress,REFERENCE_INTERVAL_RISK,1505,,,10,8,0,False,ACCEPT_FIXED_GROUPS,,8,1,2,5,0.125,0.625,0.7882737329303564,0.02116975591855197,-1.0
17014,baseline_use,high_temperature;high_c_rate;high_dod;combined_stress,ROBUST_LOSO,1505,1497,8,1,1,7,False,ABSTAIN_INSUFFICIENT_FEASIBILITY,0.03764762609982242,1,1,0,0,0.125,0.0,0.8408882058457906,0.0129713127365092,0.20444102922895285
17014,high_temperature,baseline_use;high_c_rate;high_dod;combined_stress,REFERENCE_INTERVAL_RISK,1505,,,10,8,0,False,ACCEPT_FIXED_GROUPS,,8,0,1,7,0.0,0.875,0.7744017015928049,0.03158152104386924,-1.0
17014,high_temperature,baseline_use;high_c_rate;high_dod;combined_stress,ROBUST_LOSO,1505,1497,8,1,1,7,False,ABSTAIN_INSUFFICIENT_FEASIBILITY,0.03764762609982242,1,1,0,0,0.125,0.0,0.8285201155908717,0.01935365696017044,0.14260057795435824
17014,high_c_rate,baseline_use;high_temperature;high_dod;combined_stress,REFERENCE_INTERVAL_RISK,1505,,,10,8,0,False,ACCEPT_FIXED_GROUPS,,8,1,2,5,0.125,0.625,0.785587520041887,0.023185914690889264,-1.0
17014,high_c_rate,baseline_use;high_temperature;high_dod;combined_stress,ROBUST_LOSO,1505,1497,8,1,1,7,False,ABSTAIN_INSUFFICIENT_FEASIBILITY,0.03764762609982242,1,1,0,0,0.125,0.0,0.8384932196581094,0.014207204935356321,0.1924660982905469
17014,high_dod,baseline_use;high_temperature;high_c_rate;combined_stress,REFERENCE_INTERVAL_RISK,1505,,,10,8,0,False,ACCEPT_FIXED_GROUPS,,8,0,1,7,0.0,0.875,0.7763172992661957,0.02889799525629222,-1.0
17014,high_dod,baseline_use;high_temperature;high_c_rate;combined_stress,ROBUST_LOSO,1505,1497,8,1,1,7,False,ABSTAIN_INSUFFICIENT_FEASIBILITY,0.03764762609982242,1,1,0,0,0.125,0.0,0.8302280330789528,0.022421436522898075,0.15114016539476363
17014,combined_stress,baseline_use;high_temperature;high_c_rate;high_dod,REFERENCE_INTERVAL_RISK,1505,,,10,8,0,False,ACCEPT_FIXED_GROUPS,,8,0,0,8,0.0,1.0,0.7508586871566731,0.04721647179035382,-1.0
17014,combined_stress,baseline_use;high_temperature;high_c_rate;high_dod,ROBUST_LOSO,1505,1184,321,5,5,3,False,ABSTAIN_INSUFFICIENT_FEASIBILITY,-0.12260631175906371,5,0,0,5,0.0,1.0,0.7775193573420692,0.03720309044329384,-1.0
17015,baseline_use,high_temperature;high_c_rate;high_dod;combined_stress,REFERENCE_INTERVAL_RISK,422,,,3,3,5,False,ABSTAIN_INSUFFICIENT_FEASIBILITY,,3,2,0,1,0.25,0.3333333333333333,0.771235055487507,0.016001911928437362,-2.0505781994969228
17015,baseline_use,high_temperature;high_c_rate;high_dod;combined_stress,ROBUST_LOSO,422,420,2,1,1,7,False,ABSTAIN_INSUFFICIENT_FEASIBILITY,0.010584548693934437,1,1,0,0,0.125,0.0,0.8375893998394915,0.008894704752341998,0.11203739347710506
17015,high_temperature,baseline_use;high_c_rate;high_dod;combined_stress,REFERENCE_INTERVAL_RISK,422,,,3,3,5,False,ABSTAIN_INSUFFICIENT_FEASIBILITY,,3,1,1,1,0.125,0.3333333333333333,0.7538459126026015,0.023875807635671542,-2.0478271766562455
17015,high_temperature,baseline_use;high_c_rate;high_dod;combined_stress,ROBUST_LOSO,422,420,2,1,1,7,False,ABSTAIN_INSUFFICIENT_FEASIBILITY,0.010584548693934437,1,1,0,0,0.125,0.0,0.8244375919471683,0.013269687840084421,0.10814848133976018
17015,high_c_rate,baseline_use;high_temperature;high_dod;combined_stress,REFERENCE_INTERVAL_RISK,422,,,3,3,5,False,ABSTAIN_INSUFFICIENT_FEASIBILITY,,3,2,0,1,0.25,0.3333333333333333,0.7678677808180486,0.01752663167686941,-2.0545281775350497
17015,high_c_rate,baseline_use;high_temperature;high_dod;combined_stress,ROBUST_LOSO,422,420,2,1,1,7,False,ABSTAIN_INSUFFICIENT_FEASIBILITY,0.010584548693934437,1,1,0,0,0.125,0.0,0.8350426527188014,0.009741886803129152,0.11170637602022393
17015,high_dod,baseline_use;high_temperature;high_c_rate;combined_stress,REFERENCE_INTERVAL_RISK,422,,,3,3,5,False,ABSTAIN_INSUFFICIENT_FEASIBILITY,,3,2,0,1,0.25,0.3333333333333333,0.7592047215691675,0.01774594489377912,-2.0459763612530266
17015,high_dod,baseline_use;high_temperature;high_c_rate;combined_stress,ROBUST_LOSO,422,420,2,1,1,7,False,ABSTAIN_INSUFFICIENT_FEASIBILITY,0.010584548693934437,1,1,0,0,0.125,0.0,0.8262537335046936,0.01681541626387495,0.09533667616519625
17015,combined_stress,baseline_use;high_temperature;high_c_rate;high_dod,REFERENCE_INTERVAL_RISK,422,,,3,3,5,False,ABSTAIN_INSUFFICIENT_FEASIBILITY,,3,0,1,2,0.0,0.6666666666666666,0.7291661275162111,0.02900000332658026,-2.0419666752877577
17015,combined_stress,baseline_use;high_temperature;high_c_rate;high_dod,ROBUST_LOSO,422,388,34,2,2,6,False,ABSTAIN_INSUFFICIENT_FEASIBILITY,0.028091832390780076,2,0,0,2,0.0,1.0,0.7820507501050745,0.04808342513681807,-1.0
17016,baseline_use,high_temperature;high_c_rate;high_dod;combined_stress,REFERENCE_INTERVAL_RISK,1053,,,7,7,1,False,ABSTAIN_INSUFFICIENT_FEASIBILITY,,7,2,1,4,0.25,0.5714285714285714,0.7924120825110833,0.014532150011333345,-1.0
17016,baseline_use,high_temperature;high_c_rate;high_dod;combined_stress,ROBUST_LOSO,1053,1053,0,0,0,8,False,ABSTAIN_INSUFFICIENT_FEASIBILITY,,0,0,0,0,0.0,,,,
17016,high_temperature,baseline_use;high_c_rate;high_dod;combined_stress,REFERENCE_INTERVAL_RISK,1053,,,7,7,1,False,ABSTAIN_INSUFFICIENT_FEASIBILITY,,7,1,1,5,0.125,0.7142857142857143,0.7788111904887622,0.021679514433149194,-1.0
17016,high_temperature,baseline_use;high_c_rate;high_dod;combined_stress,ROBUST_LOSO,1053,1053,0,0,0,8,False,ABSTAIN_INSUFFICIENT_FEASIBILITY,,0,0,0,0,0.0,,,,
17016,high_c_rate,baseline_use;high_temperature;high_dod;combined_stress,REFERENCE_INTERVAL_RISK,1053,,,7,7,1,False,ABSTAIN_INSUFFICIENT_FEASIBILITY,,7,2,1,4,0.25,0.5714285714285714,0.7897783736795483,0.015916182526924505,-1.0
17016,high_c_rate,baseline_use;high_temperature;high_dod;combined_stress,ROBUST_LOSO,1053,1053,0,0,0,8,False,ABSTAIN_INSUFFICIENT_FEASIBILITY,,0,0,0,0,0.0,,,,
17016,high_dod,baseline_use;high_temperature;high_c_rate;combined_stress,REFERENCE_INTERVAL_RISK,1053,,,7,7,1,False,ABSTAIN_INSUFFICIENT_FEASIBILITY,,7,1,1,5,0.125,0.7142857142857143,0.7806893463608207,0.01560811626378178,-1.0
17016,high_dod,baseline_use;high_temperature;high_c_rate;combined_stress,ROBUST_LOSO,1053,1053,0,0,0,8,False,ABSTAIN_INSUFFICIENT_FEASIBILITY,,0,0,0,0,0.0,,,,
17016,combined_stress,baseline_use;high_temperature;high_c_rate;high_dod,REFERENCE_INTERVAL_RISK,1053,,,7,7,1,False,ABSTAIN_INSUFFICIENT_FEASIBILITY,,7,0,0,7,0.0,1.0,0.7557283420266936,0.0255022730685468,-1.0
17016,combined_stress,baseline_use;high_temperature;high_c_rate;high_dod,ROBUST_LOSO,1053,937,116,3,3,5,False,ABSTAIN_INSUFFICIENT_FEASIBILITY,-0.2876034487745613,3,0,0,3,0.0,1.0,0.7759352938478677,0.021051450304891084,-1.0
17017,baseline_use,high_temperature;high_c_rate;high_dod;combined_stress,REFERENCE_INTERVAL_RISK,730,,,5,5,3,False,ABSTAIN_INSUFFICIENT_FEASIBILITY,,5,2,1,2,0.25,0.4,0.7893452269058545,0.013920706674310335,-1.0
17017,baseline_use,high_temperature;high_c_rate;high_dod;combined_stress,ROBUST_LOSO,730,730,0,0,0,8,False,ABSTAIN_INSUFFICIENT_FEASIBILITY,,0,0,0,0,0.0,,,,
17017,high_temperature,baseline_use;high_c_rate;high_dod;combined_stress,REFERENCE_INTERVAL_RISK,730,,,5,5,3,False,ABSTAIN_INSUFFICIENT_FEASIBILITY,,5,0,0,5,0.0,1.0,0.7749491958209398,0.020764514966822967,-1.0
17017,high_temperature,baseline_use;high_c_rate;high_dod;combined_stress,ROBUST_LOSO,730,730,0,0,0,8,False,ABSTAIN_INSUFFICIENT_FEASIBILITY,,0,0,0,0,0.0,,,,
17017,high_c_rate,baseline_use;high_temperature;high_dod;combined_stress,REFERENCE_INTERVAL_RISK,730,,,5,5,3,False,ABSTAIN_INSUFFICIENT_FEASIBILITY,,5,1,1,3,0.125,0.6,0.7865575454695805,0.015245957864580939,-1.0
17017,high_c_rate,baseline_use;high_temperature;high_dod;combined_stress,ROBUST_LOSO,730,730,0,0,0,8,False,ABSTAIN_INSUFFICIENT_FEASIBILITY,,0,0,0,0,0.0,,,,
17017,high_dod,baseline_use;high_temperature;high_c_rate;combined_stress,REFERENCE_INTERVAL_RISK,730,,,5,5,3,False,ABSTAIN_INSUFFICIENT_FEASIBILITY,,5,0,1,4,0.0,0.8,0.7769371529543465,0.014641248590678835,-1.0
17017,high_dod,baseline_use;high_temperature;high_c_rate;combined_stress,ROBUST_LOSO,730,730,0,0,0,8,False,ABSTAIN_INSUFFICIENT_FEASIBILITY,,0,0,0,0,0.0,,,,
17017,combined_stress,baseline_use;high_temperature;high_c_rate;high_dod,REFERENCE_INTERVAL_RISK,730,,,5,5,3,False,ABSTAIN_INSUFFICIENT_FEASIBILITY,,5,0,0,5,0.0,1.0,0.7505168715702246,0.02391885319495457,-1.0
17017,combined_stress,baseline_use;high_temperature;high_c_rate;high_dod,ROBUST_LOSO,730,715,15,1,1,7,False,ABSTAIN_INSUFFICIENT_FEASIBILITY,0.018198528003866343,1,0,0,1,0.0,1.0,0.7806826085008384,0.01953766293665682,-1.0
17018,baseline_use,high_temperature;high_c_rate;high_dod;combined_stress,REFERENCE_INTERVAL_RISK,1015,,,7,7,1,False,ABSTAIN_INSUFFICIENT_FEASIBILITY,,7,3,2,2,0.375,0.2857142857142857,0.7918731643192558,0.015487073061945633,-1.0
17018,baseline_use,high_temperature;high_c_rate;high_dod;combined_stress,ROBUST_LOSO,1015,1015,0,0,0,8,False,ABSTAIN_INSUFFICIENT_FEASIBILITY,,0,0,0,0,0.0,,,,
17018,high_temperature,baseline_use;high_c_rate;high_dod;combined_stress,REFERENCE_INTERVAL_RISK,1015,,,7,7,1,False,ABSTAIN_INSUFFICIENT_FEASIBILITY,,7,0,1,6,0.0,0.8571428571428571,0.7782369630736207,0.023100380960964007,-1.0
17018,high_temperature,baseline_use;high_c_rate;high_dod;combined_stress,ROBUST_LOSO,1015,1015,0,0,0,8,False,ABSTAIN_INSUFFICIENT_FEASIBILITY,,0,0,0,0,0.0,,,,
17018,high_c_rate,baseline_use;high_temperature;high_dod;combined_stress,REFERENCE_INTERVAL_RISK,1015,,,7,7,1,False,ABSTAIN_INSUFFICIENT_FEASIBILITY,,7,3,2,2,0.375,0.2857142857142857,0.7892326181263827,0.016961331972164873,-1.0
17018,high_c_rate,baseline_use;high_temperature;high_dod;combined_stress,ROBUST_LOSO,1015,1015,0,0,0,8,False,ABSTAIN_INSUFFICIENT_FEASIBILITY,,0,0,0,0,0.0,,,,
17018,high_dod,baseline_use;high_temperature;high_c_rate;combined_stress,REFERENCE_INTERVAL_RISK,1015,,,7,7,1,False,ABSTAIN_INSUFFICIENT_FEASIBILITY,,7,0,1,6,0.0,0.8571428571428571,0.7801199948188935,0.016920267253839327,-1.0
17018,high_dod,baseline_use;high_temperature;high_c_rate;combined_stress,ROBUST_LOSO,1015,1015,0,0,0,8,False,ABSTAIN_INSUFFICIENT_FEASIBILITY,,0,0,0,0,0.0,,,,
17018,combined_stress,baseline_use;high_temperature;high_c_rate;high_dod,REFERENCE_INTERVAL_RISK,1015,,,7,7,1,False,ABSTAIN_INSUFFICIENT_FEASIBILITY,,7,0,0,7,0.0,1.0,0.7550941893177011,0.02764141744802351,-1.0
17018,combined_stress,baseline_use;high_temperature;high_c_rate;high_dod,ROBUST_LOSO,1015,785,230,3,3,5,False,ABSTAIN_INSUFFICIENT_FEASIBILITY,0.006896641233948841,3,0,0,3,0.0,1.0,0.7772977537130652,0.02293956974912814,-1.0
17019,baseline_use,high_temperature;high_c_rate;high_dod;combined_stress,REFERENCE_INTERVAL_RISK,1634,,,10,8,0,False,ACCEPT_FIXED_GROUPS,,8,3,2,3,0.375,0.375,0.7848420888482395,0.022935256514271085,-1.0
17019,baseline_use,high_temperature;high_c_rate;high_dod;combined_stress,ROBUST_LOSO,1634,1617,17,1,1,7,False,ABSTAIN_INSUFFICIENT_FEASIBILITY,0.020944162468735428,1,1,0,0,0.125,0.0,0.8392899100633571,0.008688585837373086,0.19644955031678518
17019,high_temperature,baseline_use;high_c_rate;high_dod;combined_stress,REFERENCE_INTERVAL_RISK,1634,,,10,8,0,False,ACCEPT_FIXED_GROUPS,,8,1,2,5,0.125,0.625,0.770745220626227,0.0342172189922636,-1.0
17019,high_temperature,baseline_use;high_c_rate;high_dod;combined_stress,ROBUST_LOSO,1634,1617,17,1,1,7,False,ABSTAIN_INSUFFICIENT_FEASIBILITY,0.020944162468735428,1,1,0,0,0.125,0.0,0.8262758073686077,0.012963104587563556,0.13137903684303845
17019,high_c_rate,baseline_use;high_temperature;high_dod;combined_stress,REFERENCE_INTERVAL_RISK,1634,,,10,8,0,False,ACCEPT_FIXED_GROUPS,,8,1,2,5,0.125,0.625,0.7821123380148111,0.02511992235578875,-1.0
17019,high_c_rate,baseline_use;high_temperature;high_dod;combined_stress,ROBUST_LOSO,1634,1617,17,1,1,7,False,ABSTAIN_INSUFFICIENT_FEASIBILITY,0.020944162468735428,1,1,0,0,0.125,0.0,0.836769828502132,0.009516313736724236,0.18384914251065979
17019,high_dod,baseline_use;high_temperature;high_c_rate;combined_stress,REFERENCE_INTERVAL_RISK,1634,,,10,8,0,False,ACCEPT_FIXED_GROUPS,,8,1,2,5,0.125,0.625,0.7726918661686925,0.03127533536004945,-1.0
17019,high_dod,baseline_use;high_temperature;high_c_rate;combined_stress,ROBUST_LOSO,1634,1617,17,1,1,7,False,ABSTAIN_INSUFFICIENT_FEASIBILITY,0.020944162468735428,1,1,0,0,0.125,0.0,0.8280729331273888,0.01638239055034396,0.14036466563694397
17019,combined_stress,baseline_use;high_temperature;high_c_rate;high_dod,REFERENCE_INTERVAL_RISK,1634,,,10,8,0,False,ACCEPT_FIXED_GROUPS,,8,0,1,7,0.0,0.875,0.746820622708352,0.0511032393009887,-1.0
17019,combined_stress,baseline_use;high_temperature;high_c_rate;high_dod,ROBUST_LOSO,1634,1182,452,5,5,3,False,ABSTAIN_INSUFFICIENT_FEASIBILITY,0.01956106418957494,5,1,0,4,0.125,0.8,0.7815716021788814,0.026768861961299573,-1.0
17020,baseline_use,high_temperature;high_c_rate;high_dod;combined_stress,REFERENCE_INTERVAL_RISK,855,,,5,5,3,False,ABSTAIN_INSUFFICIENT_FEASIBILITY,,5,0,3,2,0.0,0.4,0.7827662001590999,0.014977490280202232,-1.0
17020,baseline_use,high_temperature;high_c_rate;high_dod;combined_stress,ROBUST_LOSO,855,855,0,0,0,8,False,ABSTAIN_INSUFFICIENT_FEASIBILITY,,0,0,0,0,0.0,,,,
17020,high_temperature,baseline_use;high_c_rate;high_dod;combined_stress,REFERENCE_INTERVAL_RISK,855,,,5,5,3,False,ABSTAIN_INSUFFICIENT_FEASIBILITY,,5,1,1,3,0.125,0.6,0.765560901440567,0.022348299846472353,-1.0
17020,high_temperature,baseline_use;high_c_rate;high_dod;combined_stress,ROBUST_LOSO,855,855,0,0,0,8,False,ABSTAIN_INSUFFICIENT_FEASIBILITY,,0,0,0,0,0.0,,,,
17020,high_c_rate,baseline_use;high_temperature;high_dod;combined_stress,REFERENCE_INTERVAL_RISK,855,,,5,5,3,False,ABSTAIN_INSUFFICIENT_FEASIBILITY,,5,0,2,3,0.0,0.6,0.7794345255079203,0.016404791240932415,-1.0
17020,high_c_rate,baseline_use;high_temperature;high_dod;combined_stress,ROBUST_LOSO,855,855,0,0,0,8,False,ABSTAIN_INSUFFICIENT_FEASIBILITY,,0,0,0,0,0.0,,,,
17020,high_dod,baseline_use;high_temperature;high_c_rate;combined_stress,REFERENCE_INTERVAL_RISK,855,,,5,5,3,False,ABSTAIN_INSUFFICIENT_FEASIBILITY,,5,0,2,3,0.0,0.6,0.7708630551841741,0.016160495832403754,-1.0
17020,high_dod,baseline_use;high_temperature;high_c_rate;combined_stress,ROBUST_LOSO,855,855,0,0,0,8,False,ABSTAIN_INSUFFICIENT_FEASIBILITY,,0,0,0,0,0.0,,,,
17020,combined_stress,baseline_use;high_temperature;high_c_rate;high_dod,REFERENCE_INTERVAL_RISK,855,,,5,5,3,False,ABSTAIN_INSUFFICIENT_FEASIBILITY,,5,0,0,5,0.0,1.0,0.7411420397674522,0.02641049927566197,-1.0
17020,combined_stress,baseline_use;high_temperature;high_c_rate;high_dod,ROBUST_LOSO,855,763,92,2,2,6,False,ABSTAIN_INSUFFICIENT_FEASIBILITY,0.010995491492130416,2,0,0,2,0.0,1.0,0.7790735752861957,0.028871153977808595,-1.0
17021,baseline_use,high_temperature;high_c_rate;high_dod;combined_stress,REFERENCE_INTERVAL_RISK,1555,,,10,8,0,False,ACCEPT_FIXED_GROUPS,,8,4,1,3,0.5,0.375,0.7867000965200046,0.014740353739628231,-1.0
17021,baseline_use,high_temperature;high_c_rate;high_dod;combined_stress,ROBUST_LOSO,1555,1540,15,1,1,7,False,ABSTAIN_INSUFFICIENT_FEASIBILITY,0.012231390235140083,1,1,0,0,0.125,0.0,0.8367338520847399,0.005697737441763495,0.1836692604236995
17021,high_temperature,baseline_use;high_c_rate;high_dod;combined_stress,REFERENCE_INTERVAL_RISK,1555,,,10,8,0,False,ACCEPT_FIXED_GROUPS,,8,2,1,5,0.25,0.625,0.7698063693067656,0.02199189600118756,-1.0
17021,high_temperature,baseline_use;high_c_rate;high_dod;combined_stress,ROBUST_LOSO,1555,1540,15,1,1,7,False,ABSTAIN_INSUFFICIENT_FEASIBILITY,0.012231390235140083,1,1,0,0,0.125,0.0,0.8240428352828566,0.008495592366700944,0.12021417641428281
17021,high_c_rate,baseline_use;high_temperature;high_dod;combined_stress,REFERENCE_INTERVAL_RISK,1555,,,10,8,0,False,ACCEPT_FIXED_GROUPS,,8,4,1,3,0.5,0.375,0.78342875531047,0.016144559497984323,-1.0
17021,high_c_rate,baseline_use;high_temperature;high_dod;combined_stress,ROBUST_LOSO,1555,1540,15,1,1,7,False,ABSTAIN_INSUFFICIENT_FEASIBILITY,0.012231390235140083,1,1,0,0,0.125,0.0,0.8342763336383451,0.006239520672824295,0.1713816681917252
17021,high_dod,baseline_use;high_temperature;high_c_rate;combined_stress,REFERENCE_INTERVAL_RISK,1555,,,10,8,0,False,ACCEPT_FIXED_GROUPS,,8,3,1,4,0.375,0.5,0.7750125061168558,0.015833533088142504,-1.0
17021,high_dod,baseline_use;high_temperature;high_c_rate;combined_stress,ROBUST_LOSO,1555,1540,15,1,1,7,False,ABSTAIN_INSUFFICIENT_FEASIBILITY,0.012231390235140083,1,1,0,0,0.125,0.0,0.825795345904199,0.008109234791931819,0.12897672952099484
17021,combined_stress,baseline_use;high_temperature;high_c_rate;high_dod,REFERENCE_INTERVAL_RISK,1555,,,10,8,0,False,ACCEPT_FIXED_GROUPS,,8,0,0,8,0.0,1.0,0.7458297098652724,0.025872874111810384,-1.0
17021,combined_stress,baseline_use;high_temperature;high_c_rate;high_dod,ROBUST_LOSO,1555,1261,294,4,4,4,False,ABSTAIN_INSUFFICIENT_FEASIBILITY,0.004982595055681138,4,0,0,4,0.0,1.0,0.7777303986874528,0.023913047281751032,-1.0
17022,baseline_use,high_temperature;high_c_rate;high_dod;combined_stress,REFERENCE_INTERVAL_RISK,1620,,,11,8,0,False,ACCEPT_FIXED_GROUPS,,8,4,1,3,0.5,0.375,0.7938022230834272,0.015988663287612725,-1.0
17022,baseline_use,high_temperature;high_c_rate;high_dod;combined_stress,ROBUST_LOSO,1620,1398,222,3,3,5,False,ABSTAIN_INSUFFICIENT_FEASIBILITY,-0.2567263694953253,3,1,2,0,0.125,0.0,0.8341852689990382,0.015589544059456673,-0.17032175497472468
17022,high_temperature,baseline_use;high_c_rate;high_dod;combined_stress,REFERENCE_INTERVAL_RISK,1620,,,11,8,0,False,ACCEPT_FIXED_GROUPS,,8,4,1,3,0.5,0.375,0.7774709967754341,0.023850630818081253,-1.0
17022,high_temperature,baseline_use;high_c_rate;high_dod;combined_stress,ROBUST_LOSO,1620,1398,222,3,3,5,False,ABSTAIN_INSUFFICIENT_FEASIBILITY,-0.25672636949526106,3,1,2,0,0.125,0.0,0.8224726238505428,0.023256579732829685,-0.1923247794123495
17022,high_c_rate,baseline_use;high_temperature;high_dod;combined_stress,REFERENCE_INTERVAL_RISK,1620,,,11,8,0,False,ACCEPT_FIXED_GROUPS,,8,4,1,3,0.5,0.375,0.7906398058767785,0.017511073235743746,-1.0
17022,high_c_rate,baseline_use;high_temperature;high_dod;combined_stress,ROBUST_LOSO,1620,1398,222,3,3,5,False,ABSTAIN_INSUFFICIENT_FEASIBILITY,-0.2567263694951964,3,1,2,0,0.125,0.0,0.8319172047487227,0.017074206942708336,-0.17433090613673352
17022,high_dod,baseline_use;high_temperature;high_c_rate;combined_stress,REFERENCE_INTERVAL_RISK,1620,,,11,8,0,False,ACCEPT_FIXED_GROUPS,,8,4,1,3,0.5,0.375,0.7825037877849472,0.02143981202469125,-1.0
17022,high_dod,baseline_use;high_temperature;high_c_rate;combined_stress,ROBUST_LOSO,1620,1398,222,3,3,5,False,ABSTAIN_INSUFFICIENT_FEASIBILITY,-0.25672636949532546,3,1,2,0,0.125,0.0,0.8248960501788529,0.02143981202469125,-0.19761948180621292
17022,combined_stress,baseline_use;high_temperature;high_c_rate;high_dod,REFERENCE_INTERVAL_RISK,1620,,,11,8,0,False,ACCEPT_FIXED_GROUPS,,8,2,0,6,0.25,0.75,0.7542926746380998,0.03503020827460346,-1.0
17022,combined_stress,baseline_use;high_temperature;high_c_rate;high_dod,ROBUST_LOSO,1620,1004,616,6,6,2,False,ABSTAIN_INSUFFICIENT_FEASIBILITY,0.006597818226699553,6,2,0,4,0.25,0.6666666666666666,0.7784098388092545,0.034346637436671656,-1.0
17023,baseline_use,high_temperature;high_c_rate;high_dod;combined_stress,REFERENCE_INTERVAL_RISK,603,,,4,4,4,False,ABSTAIN_INSUFFICIENT_FEASIBILITY,,4,2,0,2,0.25,0.5,0.7963285793020624,0.017659377106238106,-1.0
17023,baseline_use,high_temperature;high_c_rate;high_dod;combined_stress,ROBUST_LOSO,603,603,0,0,0,8,False,ABSTAIN_INSUFFICIENT_FEASIBILITY,,0,0,0,0,0.0,,,,
17023,high_temperature,baseline_use;high_c_rate;high_dod;combined_stress,REFERENCE_INTERVAL_RISK,603,,,4,4,4,False,ABSTAIN_INSUFFICIENT_FEASIBILITY,,4,0,0,4,0.0,1.0,0.7801974448464553,0.026347230074894146,-1.0
17023,high_temperature,baseline_use;high_c_rate;high_dod;combined_stress,ROBUST_LOSO,603,603,0,0,0,8,False,ABSTAIN_INSUFFICIENT_FEASIBILITY,,0,0,0,0,0.0,,,,
17023,high_c_rate,baseline_use;high_temperature;high_dod;combined_stress,REFERENCE_INTERVAL_RISK,603,,,4,4,4,False,ABSTAIN_INSUFFICIENT_FEASIBILITY,,4,2,0,2,0.25,0.5,0.7932049083539593,0.019341713459845034,-1.0
17023,high_c_rate,baseline_use;high_temperature;high_dod;combined_stress,ROBUST_LOSO,603,603,0,0,0,8,False,ABSTAIN_INSUFFICIENT_FEASIBILITY,,0,0,0,0,0.0,,,,
17023,high_dod,baseline_use;high_temperature;high_c_rate;combined_stress,REFERENCE_INTERVAL_RISK,603,,,4,4,4,False,ABSTAIN_INSUFFICIENT_FEASIBILITY,,4,0,0,4,0.0,1.0,0.7851685735865973,0.019832809339792812,-1.0
17023,high_dod,baseline_use;high_temperature;high_c_rate;combined_stress,ROBUST_LOSO,603,603,0,0,0,8,False,ABSTAIN_INSUFFICIENT_FEASIBILITY,,0,0,0,0,0.0,,,,
17023,combined_stress,baseline_use;high_temperature;high_c_rate;high_dod,REFERENCE_INTERVAL_RISK,603,,,4,4,4,False,ABSTAIN_INSUFFICIENT_FEASIBILITY,,4,0,0,4,0.0,1.0,0.7573031058787983,0.03240815896586424,-1.0
17023,combined_stress,baseline_use;high_temperature;high_c_rate;high_dod,ROBUST_LOSO,603,575,28,2,2,6,False,ABSTAIN_INSUFFICIENT_FEASIBILITY,-0.1540944061505911,2,0,0,2,0.0,1.0,0.7768493658459952,0.03199835197937495,-1.0
17024,baseline_use,high_temperature;high_c_rate;high_dod;combined_stress,REFERENCE_INTERVAL_RISK,1650,,,10,8,0,False,ACCEPT_FIXED_GROUPS,,8,3,2,3,0.375,0.375,0.7909798390515355,0.01776546339507945,-1.0
17024,baseline_use,high_temperature;high_c_rate;high_dod;combined_stress,ROBUST_LOSO,1650,1589,61,2,2,6,False,ABSTAIN_INSUFFICIENT_FEASIBILITY,0.004356605189417258,2,2,0,0,0.25,0.0,0.838057527719995,0.012372489567782141,0.09127224750176022
17024,high_temperature,baseline_use;high_c_rate;high_dod;combined_stress,REFERENCE_INTERVAL_RISK,1650,,,10,8,0,False,ACCEPT_FIXED_GROUPS,,8,1,1,6,0.125,0.75,0.773571262713754,0.026502556749743222,-1.0
17024,high_temperature,baseline_use;high_c_rate;high_dod;combined_stress,ROBUST_LOSO,1650,1589,61,2,2,6,False,ABSTAIN_INSUFFICIENT_FEASIBILITY,0.004356605189415379,2,2,0,0,0.25,0.0,0.8242703409412002,0.01845895436098144,0.07814190055665782
17024,high_c_rate,baseline_use;high_temperature;high_dod;combined_stress,REFERENCE_INTERVAL_RISK,1650,,,10,8,0,False,ACCEPT_FIXED_GROUPS,,8,3,2,3,0.375,0.375,0.787608801242396,0.01945733477324807,-1.0
17024,high_c_rate,baseline_use;high_temperature;high_dod;combined_stress,ROBUST_LOSO,1650,1589,61,2,2,6,False,ABSTAIN_INSUFFICIENT_FEASIBILITY,0.004356605189415379,2,2,0,0,0.25,0.0,0.8353877443321303,0.01355108697539098,0.08903209961869829
17024,high_dod,baseline_use;high_temperature;high_c_rate;combined_stress,REFERENCE_INTERVAL_RISK,1650,,,10,8,0,False,ACCEPT_FIXED_GROUPS,,8,3,1,4,0.375,0.5,0.7789360604839207,0.021135952097067534,-1.0
17024,high_dod,baseline_use;high_temperature;high_c_rate;combined_stress,ROBUST_LOSO,1650,1589,61,2,2,6,False,ABSTAIN_INSUFFICIENT_FEASIBILITY,0.004356605189415379,2,2,0,0,0.25,0.0,0.8261742223752461,0.021635308632114603,0.07373096519718203
17024,combined_stress,baseline_use;high_temperature;high_c_rate;high_dod,REFERENCE_INTERVAL_RISK,1650,,,10,8,0,False,ACCEPT_FIXED_GROUPS,,8,0,1,7,0.0,0.875,0.7488638964266318,0.03453355749060716,-1.0
17024,combined_stress,baseline_use;high_temperature;high_c_rate;high_dod,ROBUST_LOSO,1650,1331,319,5,5,3,False,ABSTAIN_INSUFFICIENT_FEASIBILITY,0.013340849074529648,5,1,0,4,0.125,0.8,0.7795974874229927,0.03535176516551042,-1.0
17025,baseline_use,high_temperature;high_c_rate;high_dod;combined_stress,REFERENCE_INTERVAL_RISK,991,,,6,6,2,False,ABSTAIN_INSUFFICIENT_FEASIBILITY,,6,1,1,4,0.125,0.6666666666666666,0.7917398060303958,0.013579603255754025,-1.228932414223252
17025,baseline_use,high_temperature;high_c_rate;high_dod;combined_stress,ROBUST_LOSO,991,991,0,0,0,8,False,ABSTAIN_INSUFFICIENT_FEASIBILITY,,0,0,0,0,0.0,,,,
17025,high_temperature,baseline_use;high_c_rate;high_dod;combined_stress,REFERENCE_INTERVAL_RISK,991,,,6,6,2,False,ABSTAIN_INSUFFICIENT_FEASIBILITY,,6,0,1,5,0.0,0.8333333333333334,0.7743945247504005,0.02026241107954352,-1.2611394457796772
17025,high_temperature,baseline_use;high_c_rate;high_dod;combined_stress,ROBUST_LOSO,991,991,0,0,0,8,False,ABSTAIN_INSUFFICIENT_FEASIBILITY,,0,0,0,0,0.0,,,,
17025,high_c_rate,baseline_use;high_temperature;high_dod;combined_stress,REFERENCE_INTERVAL_RISK,991,,,6,6,2,False,ABSTAIN_INSUFFICIENT_FEASIBILITY,,6,0,1,5,0.0,0.8333333333333334,0.7883810248256329,0.01487367793527361,-1.2349946762133373
17025,high_c_rate,baseline_use;high_temperature;high_dod;combined_stress,ROBUST_LOSO,991,991,0,0,0,8,False,ABSTAIN_INSUFFICIENT_FEASIBILITY,,0,0,0,0,0.0,,,,
17025,high_dod,baseline_use;high_temperature;high_c_rate;combined_stress,REFERENCE_INTERVAL_RISK,991,,,6,6,2,False,ABSTAIN_INSUFFICIENT_FEASIBILITY,,6,0,1,5,0.0,0.8333333333333334,0.7797398168942435,0.014101711066713207,-1.2503535022816887
17025,high_dod,baseline_use;high_temperature;high_c_rate;combined_stress,ROBUST_LOSO,991,991,0,0,0,8,False,ABSTAIN_INSUFFICIENT_FEASIBILITY,,0,0,0,0,0.0,,,,
17025,combined_stress,baseline_use;high_temperature;high_c_rate;high_dod,REFERENCE_INTERVAL_RISK,991,,,6,6,2,False,ABSTAIN_INSUFFICIENT_FEASIBILITY,,6,0,0,6,0.0,1.0,0.7497769908623523,0.023046017291141974,-1.3075244284616456
17025,combined_stress,baseline_use;high_temperature;high_c_rate;high_dod,ROBUST_LOSO,991,952,39,2,2,6,False,ABSTAIN_INSUFFICIENT_FEASIBILITY,-0.14490542966388098,2,0,0,2,0.0,1.0,0.7829319778740954,0.025563833445805262,-1.0
