held_out_condition,model,n_test,mae,rmse,r2
T25_C0p5_D100,persistence,72,0.0168104469999044,0.01721585944873216,0.7687796603253807
T25_C0p5_D100,local_linear,72,0.008685361255352242,0.00964820685377386,0.9273790660246157
T25_C0p5_D100,ridge,72,0.0035066177703622897,0.004263064857685767,0.9858220807650172
T25_C0p5_D100,random_forest,72,0.003505552551573626,0.0044499406086409106,0.9845518297359026
T25_C0p5_D50,persistence,72,0.009931976734483233,0.010618662027302116,0.5757724260157997
T25_C0p5_D50,local_linear,72,0.006321104737508297,0.00713677907980593,0.8083698658658657
T25_C0p5_D50,ridge,72,0.003596982218667336,0.004332150013262512,0.9293899903550554
T25_C0p5_D50,random_forest,72,0.0031278041559308863,0.004026622826204912,0.9389984037820277
T25_C0p5_D80,persistence,72,0.013453908736529059,0.013961935269947892,0.7032297504591696
T25_C0p5_D80,local_linear,72,0.00745985857036284,0.008483092672068863,0.8904436526537857
T25_C0p5_D80,ridge,72,0.0029395462292493907,0.003534492236122546,0.9809811967567668
T25_C0p5_D80,random_forest,72,0.004147969086949386,0.004940675704970008,0.9628377655530224
T25_C1_D100,persistence,72,0.01925010295294469,0.019643834666376248,0.7416377097988596
T25_C1_D100,local_linear,72,0.010452974459689445,0.011327585156516651,0.9140885089346191
T25_C1_D100,ridge,72,0.002631398691521179,0.0034475093874579096,0.9920423011447536
T25_C1_D100,random_forest,72,0.0032555240182299983,0.004051519076641096,0.9890096287879473
T25_C1_D50,persistence,72,0.011376279222321506,0.01232921401385818,0.46638782184614824
T25_C1_D50,local_linear,72,0.0076812619688163076,0.00893251990656389,0.7199065612606812
T25_C1_D50,ridge,72,0.0035890073040814995,0.004428743394170785,0.9311480911479443
T25_C1_D50,random_forest,72,0.00370624017719544,0.004430498053554413,0.9310935223595267
T25_C2_D100,persistence,72,0.019928937903003756,0.020349167619828294,0.7664343523553719
T25_C2_D100,local_linear,72,0.010007002676407556,0.011190592905477434,0.9293646886263305
T25_C2_D100,ridge,72,0.0036121406770787123,0.00439178474304883,0.9891207799546853
T25_C2_D100,random_forest,72,0.0036783160970583592,0.0045670138496584035,0.9882353143631444
T25_C2_D50,persistence,72,0.012115934778683148,0.012716501101237733,0.5910343687341025
T25_C2_D50,local_linear,72,0.0072319342707874495,0.008140720821235434,0.8323987442287849
T25_C2_D50,ridge,72,0.0028001825212105097,0.0035070248151259434,0.9688950703403525
T25_C2_D50,random_forest,72,0.0025813560700873256,0.0034129354637830863,0.9705416988172948
T25_C2_D80,persistence,72,0.013642315156858606,0.014439846940592214,0.7413178448370964
T25_C2_D80,local_linear,72,0.006954926455986753,0.008250161004596138,0.9155565168435198
T25_C2_D80,ridge,72,0.005093040848772556,0.006012513133139279,0.9551509377389988
T25_C2_D80,random_forest,72,0.004522292026583046,0.005402402596050394,0.9637911124870462
T35_C0p5_D100,persistence,72,0.022112123671307368,0.022629368409867037,0.7305923879334542
T35_C0p5_D100,local_linear,72,0.012013893984929736,0.012947031943255216,0.9118128239536205
T35_C0p5_D100,ridge,72,0.002867642854446875,0.003754687931337827,0.9925832662262005
T35_C0p5_D100,random_forest,72,0.003486141921584907,0.004422294468681284,0.9897113045493109
T35_C0p5_D50,persistence,72,0.011349855764780398,0.012297267333652967,0.6367795560312639
T35_C0p5_D50,local_linear,72,0.0067607791633346286,0.007921705185485413,0.8492732248215926
T35_C0p5_D50,ridge,72,0.0030038168655143315,0.0037025339230692283,0.967073076951878
T35_C0p5_D50,random_forest,72,0.0035272997629030114,0.004402441121697372,0.9534478043983414
T35_C0p5_D80,persistence,72,0.01603941002693299,0.016808652357273173,0.7261459895816624
T35_C0p5_D80,local_linear,72,0.008582517136432781,0.009518293062766095,0.9121844430905163
T35_C0p5_D80,ridge,72,0.003401517485650323,0.00444746723624355,0.9808274963121447
T35_C0p5_D80,random_forest,72,0.0034629445756023205,0.004580581870542591,0.9796626381925274
T35_C1_D100,persistence,72,0.024912254071924142,0.025321452769612774,0.703436327280824
T35_C1_D100,local_linear,72,0.01416963102390453,0.014878460182025946,0.8976102016150087
T35_C1_D100,ridge,72,0.0032449003552643624,0.003943212731255511,0.9928081415937178
T35_C1_D100,random_forest,72,0.0040385647536047824,0.0050732680756570316,0.9880953580869664
T35_C1_D50,persistence,72,0.012968450408326658,0.01374575450965953,0.5763489059734859
T35_C1_D50,local_linear,72,0.007982480095709078,0.009052021594370324,0.8162775077694528
T35_C1_D50,ridge,72,0.003148772837793882,0.003941534652551437,0.9651661190239883
T35_C1_D50,random_forest,72,0.002992380470388046,0.003730330934631646,0.9687991885558142
T35_C1_D80,persistence,72,0.01713757513651147,0.017804024138059045,0.6806567982962177
T35_C1_D80,local_linear,72,0.009542471437074533,0.010855265158906374,0.8812859288028876
T35_C1_D80,ridge,72,0.0037382983817931723,0.004723803429594442,0.9775195520608025
T35_C1_D80,random_forest,72,0.004245854099174813,0.005399192975792323,0.9706316852091597
T35_C2_D100,persistence,72,0.02338465411336905,0.02380582750302408,0.7785474243382362
T35_C2_D100,local_linear,72,0.011608694346371051,0.012441640623062982,0.9395119650143926
T35_C2_D100,ridge,72,0.0026681873516671375,0.0034128487245490657,0.9954485660146881
T35_C2_D100,random_forest,72,0.0035982419176774547,0.004546583902382426,0.9919223581940533
T35_C2_D50,persistence,72,0.014322768526307353,0.014913378516681798,0.6066024781676036
T35_C2_D50,local_linear,72,0.00875799798328803,0.009602477603076195,0.8369029357125944
T35_C2_D50,ridge,72,0.0028071256121106384,0.0036135188115036573,0.9769038188059338
T35_C2_D50,random_forest,72,0.002945732411741436,0.003806864295510708,0.9743661210312604
T35_C2_D80,persistence,72,0.019231156699260614,0.01979226825418007,0.6993906538721879
T35_C2_D80,local_linear,72,0.010234722918549065,0.011171209478795676,0.9042339150656052
T35_C2_D80,ridge,72,0.002962596996246853,0.003597369949259169,0.9900692614830523
T35_C2_D80,random_forest,72,0.00376815645171912,0.004716116392512544,0.9829320889228768
T45_C0p5_D100,persistence,72,0.026059191535205615,0.026425664707908293,0.7568306236064661
T45_C0p5_D100,local_linear,72,0.01352573797316794,0.014430840492077351,0.9274829225376205
T45_C0p5_D100,ridge,72,0.002923219012757847,0.0036880021160875212,0.9952636982494553
T45_C0p5_D100,random_forest,72,0.003474609199493208,0.0044280091504336795,0.993172305829007
T45_C0p5_D50,persistence,72,0.013828210099049498,0.014412677552181575,0.6419316676523461
T45_C0p5_D50,local_linear,72,0.008156250632868978,0.008971500358826684,0.8612583898620632
T45_C0p5_D50,ridge,72,0.0029489121217115446,0.003873088869912661,0.974142204465513
T45_C0p5_D50,random_forest,72,0.0032282389955954277,0.004081778320155774,0.9712805973902432
T45_C0p5_D80,persistence,72,0.019182657335846072,0.019601666063306263,0.7094995846571688
T45_C0p5_D80,local_linear,72,0.010412537391532636,0.011268454593539812,0.9039959613105389
T45_C0p5_D80,ridge,72,0.003128773892413265,0.0038186510976406596,0.9889749455152297
T45_C0p5_D80,random_forest,72,0.0038498645308511154,0.004700241411334899,0.9832967448873111
T45_C1_D100,persistence,72,0.02674468946239551,0.027182418579283083,0.7644296879438792
T45_C1_D100,local_linear,72,0.013535593227854088,0.014637305879494512,0.9316927718273464
T45_C1_D100,ridge,72,0.0039058520470658187,0.0046765998583581945,0.9930272388327988
T45_C1_D100,random_forest,72,0.004095804135277817,0.004905236027561924,0.9923287844793922
T45_C1_D50,persistence,72,0.014527313610886636,0.015063392410866187,0.6774840122670444
T45_C1_D50,local_linear,72,0.008304168597052543,0.00918183089817183,0.880170361612778
T45_C1_D50,ridge,72,0.0025869430367238375,0.0032708989664119296,0.9847931266944566
T45_C1_D50,random_forest,72,0.0027860514775753104,0.0035952814635808812,0.9816273644669506
T45_C1_D80,persistence,72,0.02231323257612744,0.02319542682750048,0.6693950980464356
T45_C1_D80,local_linear,72,0.012798897651464518,0.014032302592366484,0.8790063901623337
T45_C1_D80,ridge,72,0.004116540392941943,0.0050885731801644735,0.9840890320546417
T45_C1_D80,random_forest,72,0.004595624768529811,0.005551861475475825,0.9810599206315487
T45_C2_D100,persistence,72,0.03047773384493762,0.03089471987324375,0.7504124289160438
T45_C2_D100,local_linear,72,0.016116881281841085,0.01707319990266192,0.9237773082058564
T45_C2_D100,ridge,72,0.0051931733447196276,0.006305480882744536,0.9896034114298733
T45_C2_D100,random_forest,72,0.008487655951075814,0.011721405168908574,0.9640735928273327
T45_C2_D50,persistence,72,0.015016775232979241,0.015478508489163633,0.7136871385548644
T45_C2_D50,local_linear,72,0.008138620661217623,0.00879583083572475,0.9075437287232924
T45_C2_D50,ridge,72,0.003129610033811873,0.003950490090701378,0.9813497528445686
T45_C2_D50,random_forest,72,0.0030165054529007244,0.003638461321967953,0.9841795743823176
T45_C2_D80,persistence,72,0.024320025984928804,0.02491457087031981,0.6789162577005681
T45_C2_D80,local_linear,72,0.01352236432829828,0.014513803158743692,0.8910382797621317
T45_C2_D80,ridge,72,0.004119440066912363,0.004942805382450283,0.9873625772033454
T45_C2_D80,random_forest,72,0.00449706896150245,0.005556601505034966,0.9840290776547902
baseline,persistence,72,0.01707881227278898,0.017498089577916622,0.5787636670512009
baseline,local_linear,72,0.010549519444432316,0.011174018707674416,0.828223661747845
baseline,ridge,72,0.003475752048782301,0.004191581596857191,0.9758286780907716
baseline,random_forest,72,0.003915110857027337,0.00477529926891922,0.9686277446955376
