cell_id,condition_id,fold,model,landmark_cycle,event_observed,observed_or_censor_lifetime,true_rul_if_observed,censored_rul_lower_bound,predicted_lifetime,predicted_rul,lifetime_lower_90,lifetime_upper_90
T25_C0p5_D100_2,T25_C0p5_D100,1,local_linear,300,False,1000,,700,1179.0606990165463,879.0606990165463,,
T25_C0p5_D100_2,T25_C0p5_D100,1,ridge_observed_only,300,False,1000,,700,1041.3517630400252,741.3517630400252,,
T25_C0p5_D100_2,T25_C0p5_D100,1,random_forest_observed_only,300,False,1000,,700,935.8060725559166,635.8060725559166,,
T25_C0p5_D100_2,T25_C0p5_D100,1,lognormal_aft_censored,300,False,1000,,700,1108.441625423594,808.4416254235939,1029.5743967707501,1193.3502239617897
T25_C0p5_D100_2,T25_C0p5_D100,1,structure_matched_simulation_ceiling,300,False,1000,,700,1108.7020400448334,808.7020400448334,,
T25_C0p5_D50_3,T25_C0p5_D50,1,local_linear,300,False,1000,,700,1806.757855287781,1506.757855287781,,
T25_C0p5_D50_3,T25_C0p5_D50,1,ridge_observed_only,300,False,1000,,700,1518.6338757701046,1218.6338757701046,,
T25_C0p5_D50_3,T25_C0p5_D50,1,random_forest_observed_only,300,False,1000,,700,946.7212506764072,646.7212506764072,,
T25_C0p5_D50_3,T25_C0p5_D50,1,lognormal_aft_censored,300,False,1000,,700,2206.0580971967465,1906.0580971967465,2049.0938652674517,2375.046068263993
T25_C0p5_D50_3,T25_C0p5_D50,1,structure_matched_simulation_ceiling,300,False,1000,,700,2784.4448878541834,2484.4448878541834,,
T25_C1_D100_0,T25_C1_D100,1,local_linear,300,True,975,675,,861.2317916560654,561.2317916560654,,
T25_C1_D100_0,T25_C1_D100,1,ridge_observed_only,300,True,975,675,,961.7596256913503,661.7596256913503,,
T25_C1_D100_0,T25_C1_D100,1,random_forest_observed_only,300,True,975,675,,933.7635245310246,633.7635245310246,,
T25_C1_D100_0,T25_C1_D100,1,lognormal_aft_censored,300,True,975,675,,991.5704530395734,691.5704530395734,921.018777740127,1067.5265120582876
T25_C1_D100_0,T25_C1_D100,1,structure_matched_simulation_ceiling,300,True,975,675,,998.4585332772074,698.4585332772074,,
T25_C1_D50_1,T25_C1_D50,1,local_linear,300,False,1000,,700,1959.4058416709315,1659.4058416709315,,
T25_C1_D50_1,T25_C1_D50,1,ridge_observed_only,300,False,1000,,700,1576.8697720540038,1276.8697720540038,,
T25_C1_D50_1,T25_C1_D50,1,random_forest_observed_only,300,False,1000,,700,946.6240854978357,646.6240854978357,,
T25_C1_D50_1,T25_C1_D50,1,lognormal_aft_censored,300,False,1000,,700,2383.1917268468,2083.1917268468,2213.6241803619187,2565.748448764433
T25_C1_D50_1,T25_C1_D50,1,structure_matched_simulation_ceiling,300,False,1000,,700,2978.5172524704462,2678.5172524704462,,
T25_C2_D100_2,T25_C2_D100,1,local_linear,300,True,995,695,,1075.0827014148776,775.0827014148776,,
T25_C2_D100_2,T25_C2_D100,1,ridge_observed_only,300,True,995,695,,955.6935224612182,655.6935224612182,,
T25_C2_D100_2,T25_C2_D100,1,random_forest_observed_only,300,True,995,695,,910.9477380778947,610.9477380778947,,
T25_C2_D100_2,T25_C2_D100,1,lognormal_aft_censored,300,True,995,695,,996.0218463409533,696.0218463409533,925.1534479545427,1072.3188899980041
T25_C2_D100_2,T25_C2_D100,1,structure_matched_simulation_ceiling,300,True,995,695,,1011.6979417962754,711.6979417962754,,
T25_C2_D50_3,T25_C2_D50,1,local_linear,300,False,1000,,700,2251.180548741799,1951.1805487417992,,
T25_C2_D50_3,T25_C2_D50,1,ridge_observed_only,300,False,1000,,700,1449.675518347505,1149.675518347505,,
T25_C2_D50_3,T25_C2_D50,1,random_forest_observed_only,300,False,1000,,700,945.5009604978356,645.5009604978356,,
T25_C2_D50_3,T25_C2_D50,1,lognormal_aft_censored,300,False,1000,,700,1943.0957894363253,1643.0957894363253,1804.8417069434477,2091.9403803668197
T25_C2_D50_3,T25_C2_D50,1,structure_matched_simulation_ceiling,300,False,1000,,700,2157.609644714932,1857.609644714932,,
T35_C0p5_D100_0,T35_C0p5_D100,1,local_linear,300,True,879,579,,981.6661235600315,681.6661235600315,,
T35_C0p5_D100_0,T35_C0p5_D100,1,ridge_observed_only,300,True,879,579,,904.8147802058205,604.8147802058205,,
T35_C0p5_D100_0,T35_C0p5_D100,1,random_forest_observed_only,300,True,879,579,,927.8225324675326,627.8225324675326,,
T35_C0p5_D100_0,T35_C0p5_D100,1,lognormal_aft_censored,300,True,879,579,,907.7549593453144,607.7549593453144,843.1668779368048,977.2906025819644
T35_C0p5_D100_0,T35_C0p5_D100,1,structure_matched_simulation_ceiling,300,True,879,579,,873.673494633418,573.673494633418,,
T35_C0p5_D50_1,T35_C0p5_D50,1,local_linear,300,False,1000,,700,1112.292909699803,812.292909699803,,
T35_C0p5_D50_1,T35_C0p5_D50,1,ridge_observed_only,300,False,1000,,700,1399.1611018964873,1099.1611018964873,,
T35_C0p5_D50_1,T35_C0p5_D50,1,random_forest_observed_only,300,False,1000,,700,946.7212506764072,646.7212506764072,,
T35_C0p5_D50_1,T35_C0p5_D50,1,lognormal_aft_censored,300,False,1000,,700,1868.9203258569958,1568.9203258569958,1735.94393513639,2012.082944445433
T35_C0p5_D50_1,T35_C0p5_D50,1,structure_matched_simulation_ceiling,300,False,1000,,700,2096.151846506257,1796.1518465062568,,
T35_C0p5_D80_2,T35_C0p5_D80,1,local_linear,300,False,1000,,700,1241.8110385394011,941.8110385394011,,
T35_C0p5_D80_2,T35_C0p5_D80,1,ridge_observed_only,300,False,1000,,700,1143.497511950831,843.497511950831,,
T35_C0p5_D80_2,T35_C0p5_D80,1,random_forest_observed_only,300,False,1000,,700,946.7212506764072,646.7212506764072,,
T35_C0p5_D80_2,T35_C0p5_D80,1,lognormal_aft_censored,300,False,1000,,700,1254.6832990063363,954.6832990063363,1165.4107632588432,1350.7942696559596
T35_C0p5_D80_2,T35_C0p5_D80,1,structure_matched_simulation_ceiling,300,False,1000,,700,1247.161149432261,947.161149432261,,
T35_C1_D100_3,T35_C1_D100,1,local_linear,300,True,856,556,,927.2592903930454,627.2592903930454,,
T35_C1_D100_3,T35_C1_D100,1,ridge_observed_only,300,True,856,556,,894.1386037511812,594.1386037511812,,
T35_C1_D100_3,T35_C1_D100,1,random_forest_observed_only,300,True,856,556,,903.0568997842435,603.0568997842435,,
T35_C1_D100_3,T35_C1_D100,1,lognormal_aft_censored,300,True,856,556,,911.8156220887208,611.8156220887208,846.9386186389229,981.6623193085222
T35_C1_D100_3,T35_C1_D100,1,structure_matched_simulation_ceiling,300,True,856,556,,871.4241523387851,571.4241523387851,,
T35_C1_D80_0,T35_C1_D80,1,local_linear,300,False,1000,,700,1295.8929408846598,995.8929408846598,,
T35_C1_D80_0,T35_C1_D80,1,ridge_observed_only,300,False,1000,,700,1110.0974419760248,810.0974419760248,,
T35_C1_D80_0,T35_C1_D80,1,random_forest_observed_only,300,False,1000,,700,943.3158225108227,643.3158225108227,,
T35_C1_D80_0,T35_C1_D80,1,lognormal_aft_censored,300,False,1000,,700,1213.9357440387055,913.9357440387055,1127.5624559024236,1306.9253795572727
T35_C1_D80_0,T35_C1_D80,1,structure_matched_simulation_ceiling,300,False,1000,,700,1116.1025967980531,816.1025967980531,,
T35_C2_D100_1,T35_C2_D100,1,local_linear,300,True,728,428,,623.2740585114134,323.2740585114134,,
T35_C2_D100_1,T35_C2_D100,1,ridge_observed_only,300,True,728,428,,706.0666062096475,406.0666062096475,,
T35_C2_D100_1,T35_C2_D100,1,random_forest_observed_only,300,True,728,428,,713.524300369769,413.524300369769,,
T35_C2_D100_1,T35_C2_D100,1,lognormal_aft_censored,300,True,728,428,,695.462808932904,395.46280893290395,645.9796218045789,748.7364961416131
T35_C2_D100_1,T35_C2_D100,1,structure_matched_simulation_ceiling,300,True,728,428,,727.2242123732585,427.2242123732585,,
T35_C2_D50_2,T35_C2_D50,1,local_linear,300,False,1000,,700,1437.596987796658,1137.596987796658,,
T35_C2_D50_2,T35_C2_D50,1,ridge_observed_only,300,False,1000,,700,1309.4841343269322,1009.4841343269322,,
T35_C2_D50_2,T35_C2_D50,1,random_forest_observed_only,300,False,1000,,700,945.4293831168832,645.4293831168832,,
T35_C2_D50_2,T35_C2_D50,1,lognormal_aft_censored,300,False,1000,,700,1607.9844785237806,1307.9844785237806,1493.5740516422609,1731.1589474458128
T35_C2_D50_2,T35_C2_D50,1,structure_matched_simulation_ceiling,300,False,1000,,700,1828.8360154532538,1528.8360154532538,,
T35_C2_D80_3,T35_C2_D80,1,local_linear,300,True,995,695,,953.2872367631968,653.2872367631968,,
T35_C2_D80_3,T35_C2_D80,1,ridge_observed_only,300,True,995,695,,967.5466758168311,667.5466758168311,,
T35_C2_D80_3,T35_C2_D80,1,random_forest_observed_only,300,True,995,695,,939.8531603986296,639.8531603986296,,
T35_C2_D80_3,T35_C2_D80,1,lognormal_aft_censored,300,True,995,695,,993.9378459011014,693.9378459011014,923.2177271673424,1070.0752514205703
T35_C2_D80_3,T35_C2_D80,1,structure_matched_simulation_ceiling,300,True,995,695,,976.9896582088578,676.9896582088578,,
T45_C0p5_D50_0,T45_C0p5_D50,1,local_linear,300,False,1000,,700,1208.6641537632436,908.6641537632436,,
T45_C0p5_D50_0,T45_C0p5_D50,1,ridge_observed_only,300,False,1000,,700,1283.9341197674453,983.9341197674453,,
T45_C0p5_D50_0,T45_C0p5_D50,1,random_forest_observed_only,300,False,1000,,700,947.1563994859309,647.1563994859309,,
T45_C0p5_D50_0,T45_C0p5_D50,1,lognormal_aft_censored,300,False,1000,,700,1539.759773533457,1239.759773533457,1430.2036333232707,1657.7081087976196
T45_C0p5_D50_0,T45_C0p5_D50,1,structure_matched_simulation_ceiling,300,False,1000,,700,1725.3942530902493,1425.3942530902493,,
T45_C0p5_D80_1,T45_C0p5_D80,1,local_linear,300,True,996,696,,792.874662491374,492.874662491374,,
T45_C0p5_D80_1,T45_C0p5_D80,1,ridge_observed_only,300,True,996,696,,954.6141976598083,654.6141976598083,,
T45_C0p5_D80_1,T45_C0p5_D80,1,random_forest_observed_only,300,True,996,696,,913.9801037157285,613.9801037157285,,
T45_C0p5_D80_1,T45_C0p5_D80,1,lognormal_aft_censored,300,True,996,696,,984.6006533671541,684.6006533671541,914.5448894191233,1060.022813343552
T45_C0p5_D80_1,T45_C0p5_D80,1,structure_matched_simulation_ceiling,300,True,996,696,,986.9891348882683,686.9891348882683,,
T45_C1_D100_2,T45_C1_D100,1,local_linear,300,True,661,361,,557.4207716871003,257.42077168710034,,
T45_C1_D100_2,T45_C1_D100,1,ridge_observed_only,300,True,661,361,,647.268724619547,347.268724619547,,
T45_C1_D100_2,T45_C1_D100,1,random_forest_observed_only,300,True,661,361,,671.7333216089467,371.73332160894665,,
T45_C1_D100_2,T45_C1_D100,1,lognormal_aft_censored,300,True,661,361,,635.2753269478819,335.2753269478819,590.0745664218036,683.9385460654653
T45_C1_D100_2,T45_C1_D100,1,structure_matched_simulation_ceiling,300,True,661,361,,667.260422099455,367.260422099455,,
T45_C1_D50_3,T45_C1_D50,1,local_linear,300,False,1000,,700,1146.7539136942519,846.7539136942519,,
T45_C1_D50_3,T45_C1_D50,1,ridge_observed_only,300,False,1000,,700,1242.266310146967,942.266310146967,,
T45_C1_D50_3,T45_C1_D50,1,random_forest_observed_only,300,False,1000,,700,947.2010497835499,647.2010497835499,,
T45_C1_D50_3,T45_C1_D50,1,lognormal_aft_censored,300,False,1000,,700,1450.4171963601787,1150.4171963601787,1347.2179100435533,1561.5217314245112
T45_C1_D50_3,T45_C1_D50,1,structure_matched_simulation_ceiling,300,False,1000,,700,1571.7688223005853,1271.7688223005853,,
T45_C2_D100_0,T45_C2_D100,1,local_linear,300,True,545,245,,648.8931980597645,348.8931980597645,,
T45_C2_D100_0,T45_C2_D100,1,ridge_observed_only,300,True,545,245,,572.1846212757408,272.1846212757408,,
T45_C2_D100_0,T45_C2_D100,1,random_forest_observed_only,300,True,545,245,,595.1823115079364,295.18231150793645,,
T45_C2_D100_0,T45_C2_D100,1,lognormal_aft_censored,300,True,545,245,,560.8959193257206,260.89591932572057,520.9873614862371,603.8615436250966
T45_C2_D100_0,T45_C2_D100,1,structure_matched_simulation_ceiling,300,True,545,245,,536.7477018760753,236.74770187607533,,
T45_C2_D50_1,T45_C2_D50,1,local_linear,300,False,1000,,700,1138.7057345320131,838.7057345320131,,
T45_C2_D50_1,T45_C2_D50,1,ridge_observed_only,300,False,1000,,700,1189.3935122560395,889.3935122560395,,
T45_C2_D50_1,T45_C2_D50,1,random_forest_observed_only,300,False,1000,,700,946.4372700216451,646.4372700216451,,
T45_C2_D50_1,T45_C2_D50,1,lognormal_aft_censored,300,False,1000,,700,1317.473784909947,1017.473784909947,1223.7336150575989,1418.394618377173
T45_C2_D50_1,T45_C2_D50,1,structure_matched_simulation_ceiling,300,False,1000,,700,1451.395920614496,1151.395920614496,,
T45_C2_D80_2,T45_C2_D80,1,local_linear,300,True,780,480,,686.5309472113523,386.5309472113523,,
T45_C2_D80_2,T45_C2_D80,1,ridge_observed_only,300,True,780,480,,773.3002678941529,473.30026789415285,,
T45_C2_D80_2,T45_C2_D80,1,random_forest_observed_only,300,True,780,480,,715.1853702200575,415.1853702200575,,
T45_C2_D80_2,T45_C2_D80,1,lognormal_aft_censored,300,True,780,480,,748.3486319904013,448.34863199040126,695.1025418783711,805.6734672391664
T45_C2_D80_2,T45_C2_D80,1,structure_matched_simulation_ceiling,300,True,780,480,,774.3768953244285,474.37689532442846,,
baseline_3,baseline,1,local_linear,300,False,1000,,700,1302.902554522011,1002.9025545220111,,
baseline_3,baseline,1,ridge_observed_only,300,False,1000,,700,1236.3417379499613,936.3417379499613,,
baseline_3,baseline,1,random_forest_observed_only,300,False,1000,,700,946.5525081168832,646.5525081168832,,
baseline_3,baseline,1,lognormal_aft_censored,300,False,1000,,700,1482.417157088908,1182.417157088908,1376.9410271733152,1595.9729460185179
baseline_3,baseline,1,structure_matched_simulation_ceiling,300,False,1000,,700,1507.4819400292029,1207.4819400292029,,
T25_C0p5_D100_1,T25_C0p5_D100,2,local_linear,300,False,1000,,700,990.7706269869791,690.7706269869791,,
T25_C0p5_D100_1,T25_C0p5_D100,2,ridge_observed_only,300,False,1000,,700,1016.5823899924344,716.5823899924344,,
T25_C0p5_D100_1,T25_C0p5_D100,2,random_forest_observed_only,300,False,1000,,700,947.6696929112552,647.6696929112552,,
T25_C0p5_D100_1,T25_C0p5_D100,2,lognormal_aft_censored,300,False,1000,,700,1070.5612272727487,770.5612272727487,992.738226086119,1154.4849500338582
T25_C0p5_D100_1,T25_C0p5_D100,2,structure_matched_simulation_ceiling,300,False,1000,,700,1164.9734556669946,864.9734556669946,,
T25_C0p5_D50_2,T25_C0p5_D50,2,local_linear,300,False,1000,,700,2540.429267565054,2240.429267565054,,
T25_C0p5_D50_2,T25_C0p5_D50,2,ridge_observed_only,300,False,1000,,700,1606.970069238559,1306.970069238559,,
T25_C0p5_D50_2,T25_C0p5_D50,2,random_forest_observed_only,300,False,1000,,700,963.738894300144,663.738894300144,,
T25_C0p5_D50_2,T25_C0p5_D50,2,lognormal_aft_censored,300,False,1000,,700,2368.2059577406317,2068.2059577406317,2196.0524270836895,2553.854994129652
T25_C0p5_D50_2,T25_C0p5_D50,2,structure_matched_simulation_ceiling,300,False,1000,,700,2961.4269337345313,2661.4269337345313,,
T25_C0p5_D80_3,T25_C0p5_D80,2,local_linear,300,False,1000,,700,1408.9515773853684,1108.9515773853684,,
T25_C0p5_D80_3,T25_C0p5_D80,2,ridge_observed_only,300,False,1000,,700,1251.8265718777516,951.8265718777516,,
T25_C0p5_D80_3,T25_C0p5_D80,2,random_forest_observed_only,300,False,1000,,700,962.6516720779218,662.6516720779218,,
T25_C0p5_D80_3,T25_C0p5_D80,2,lognormal_aft_censored,300,False,1000,,700,1461.3621036463594,1161.3621036463594,1355.1303610529094,1575.9215934874414
T25_C0p5_D80_3,T25_C0p5_D80,2,structure_matched_simulation_ceiling,300,False,1000,,700,1510.7972260216072,1210.7972260216072,,
T25_C1_D50_0,T25_C1_D50,2,local_linear,300,False,1000,,700,2250.6908374210625,1950.6908374210625,,
T25_C1_D50_0,T25_C1_D50,2,ridge_observed_only,300,False,1000,,700,1538.0444102168187,1238.0444102168187,,
T25_C1_D50_0,T25_C1_D50,2,random_forest_observed_only,300,False,1000,,700,965.905687454906,665.905687454906,,
T25_C1_D50_0,T25_C1_D50,2,lognormal_aft_censored,300,False,1000,,700,2157.991975837201,1857.9919758372012,2001.1196664185738,2327.161861395479
T25_C1_D50_0,T25_C1_D50,2,structure_matched_simulation_ceiling,300,False,1000,,700,2879.5812048533203,2579.5812048533203,,
T25_C2_D100_1,T25_C2_D100,2,local_linear,300,True,905,605,,741.3297576667094,441.3297576667094,,
T25_C2_D100_1,T25_C2_D100,2,ridge_observed_only,300,True,905,605,,873.9850994312317,573.9850994312317,,
T25_C2_D100_1,T25_C2_D100,2,random_forest_observed_only,300,True,905,605,,886.8430228625539,586.8430228625539,,
T25_C2_D100_1,T25_C2_D100,2,lognormal_aft_censored,300,True,905,605,,884.8633976193779,584.8633976193779,820.5394491252167,954.2298463300618
T25_C2_D100_1,T25_C2_D100,2,structure_matched_simulation_ceiling,300,True,905,605,,912.5542767043569,612.5542767043569,,
T25_C2_D50_2,T25_C2_D50,2,local_linear,300,False,1000,,700,1327.3848767173795,1027.3848767173795,,
T25_C2_D50_2,T25_C2_D50,2,ridge_observed_only,300,False,1000,,700,1434.8352321612467,1134.8352321612467,,
T25_C2_D50_2,T25_C2_D50,2,random_forest_observed_only,300,False,1000,,700,968.1675922168108,668.1675922168108,,
T25_C2_D50_2,T25_C2_D50,2,lognormal_aft_censored,300,False,1000,,700,1879.0272651324126,1579.0272651324126,1742.4339182421706,2026.3284742947
T25_C2_D50_2,T25_C2_D50,2,structure_matched_simulation_ceiling,300,False,1000,,700,2137.140275291524,1837.1402752915242,,
T25_C2_D80_3,T25_C2_D80,2,local_linear,300,False,1000,,700,1285.9110494790868,985.9110494790868,,
T25_C2_D80_3,T25_C2_D80,2,ridge_observed_only,300,False,1000,,700,1095.4082088612035,795.4082088612035,,
T25_C2_D80_3,T25_C2_D80,2,random_forest_observed_only,300,False,1000,,700,955.2559627525245,655.2559627525245,,
T25_C2_D80_3,T25_C2_D80,2,lognormal_aft_censored,300,False,1000,,700,1154.2184519574942,854.2184519574942,1070.3141019137827,1244.7002543057863
T25_C2_D80_3,T25_C2_D80,2,structure_matched_simulation_ceiling,300,False,1000,,700,1217.0177777125577,917.0177777125577,,
T35_C0p5_D50_0,T35_C0p5_D50,2,local_linear,300,False,1000,,700,1304.7167540446135,1004.7167540446135,,
T35_C0p5_D50_0,T35_C0p5_D50,2,ridge_observed_only,300,False,1000,,700,1432.8636268816142,1132.8636268816142,,
T35_C0p5_D50_0,T35_C0p5_D50,2,random_forest_observed_only,300,False,1000,,700,963.7997350739536,663.7997350739536,,
T35_C0p5_D50_0,T35_C0p5_D50,2,lognormal_aft_censored,300,False,1000,,700,1916.3848745899415,1616.3848745899415,1777.0758667817815,2066.614631488932
T35_C0p5_D50_0,T35_C0p5_D50,2,structure_matched_simulation_ceiling,300,False,1000,,700,2173.2734932091394,1873.2734932091394,,
T35_C0p5_D80_1,T35_C0p5_D80,2,local_linear,300,False,1000,,700,903.6298834670397,603.6298834670397,,
T35_C0p5_D80_1,T35_C0p5_D80,2,ridge_observed_only,300,False,1000,,700,1072.0024167425959,772.0024167425959,,
T35_C0p5_D80_1,T35_C0p5_D80,2,random_forest_observed_only,300,False,1000,,700,960.2723119588742,660.2723119588742,,
T35_C0p5_D80_1,T35_C0p5_D80,2,lognormal_aft_censored,300,False,1000,,700,1143.7439461032777,843.7439461032777,1060.6010261027582,1233.4046281802814
T35_C0p5_D80_1,T35_C0p5_D80,2,structure_matched_simulation_ceiling,300,False,1000,,700,1093.204457347838,793.2044573478379,,
T35_C1_D100_2,T35_C1_D100,2,local_linear,300,True,847,547,,774.0466870700417,474.0466870700417,,
T35_C1_D100_2,T35_C1_D100,2,ridge_observed_only,300,True,847,547,,824.2929327924511,524.2929327924511,,
T35_C1_D100_2,T35_C1_D100,2,random_forest_observed_only,300,True,847,547,,838.9131426212673,538.9131426212673,,
T35_C1_D100_2,T35_C1_D100,2,lognormal_aft_censored,300,True,847,547,,812.5003132934428,512.5003132934428,753.4367013908764,876.1940556960724
T35_C1_D100_2,T35_C1_D100,2,structure_matched_simulation_ceiling,300,True,847,547,,848.2256472063207,548.2256472063207,,
T35_C1_D50_3,T35_C1_D50,2,local_linear,300,False,1000,,700,1459.596833260242,1159.596833260242,,
T35_C1_D50_3,T35_C1_D50,2,ridge_observed_only,300,False,1000,,700,1443.8063129956981,1143.8063129956981,,
T35_C1_D50_3,T35_C1_D50,2,random_forest_observed_only,300,False,1000,,700,964.8231874549059,664.8231874549059,,
T35_C1_D50_3,T35_C1_D50,2,lognormal_aft_censored,300,False,1000,,700,1965.245491175471,1665.245491175471,1822.3846268964746,2119.305542630063
T35_C1_D50_3,T35_C1_D50,2,structure_matched_simulation_ceiling,300,False,1000,,700,2162.235331569499,1862.235331569499,,
T35_C2_D100_0,T35_C2_D100,2,local_linear,300,True,732,432,,660.254349320632,360.25434932063195,,
T35_C2_D100_0,T35_C2_D100,2,ridge_observed_only,300,True,732,432,,728.9075564192822,428.9075564192822,,
T35_C2_D100_0,T35_C2_D100,2,random_forest_observed_only,300,True,732,432,,731.2238124549061,431.2238124549061,,
T35_C2_D100_0,T35_C2_D100,2,lognormal_aft_censored,300,True,732,432,,717.8477199475183,417.84771994751827,665.6647503628535,774.1214308748631
T35_C2_D100_0,T35_C2_D100,2,structure_matched_simulation_ceiling,300,True,732,432,,733.1526940198761,433.1526940198761,,
T35_C2_D50_1,T35_C2_D50,2,local_linear,300,False,1000,,700,1710.1602765030907,1410.1602765030907,,
T35_C2_D50_1,T35_C2_D50,2,ridge_observed_only,300,False,1000,,700,1378.9086489515257,1078.9086489515257,,
T35_C2_D50_1,T35_C2_D50,2,random_forest_observed_only,300,False,1000,,700,967.3145193001441,667.3145193001441,,
T35_C2_D50_1,T35_C2_D50,2,lognormal_aft_censored,300,False,1000,,700,1711.126038334509,1411.126038334509,1586.7380441503583,1845.26508950894
T35_C2_D50_1,T35_C2_D50,2,structure_matched_simulation_ceiling,300,False,1000,,700,2038.7804491511588,1738.7804491511588,,
T35_C2_D80_2,T35_C2_D80,2,local_linear,300,False,1000,,700,1020.5956561945213,720.5956561945213,,
T35_C2_D80_2,T35_C2_D80,2,ridge_observed_only,300,False,1000,,700,1002.3122812968941,702.3122812968941,,
T35_C2_D80_2,T35_C2_D80,2,random_forest_observed_only,300,False,1000,,700,944.6111282814409,644.6111282814409,,
T35_C2_D80_2,T35_C2_D80,2,lognormal_aft_censored,300,False,1000,,700,1043.4532987297603,743.4532987297603,967.6008717629182,1125.2519694885054
T35_C2_D80_2,T35_C2_D80,2,structure_matched_simulation_ceiling,300,False,1000,,700,1030.6860502354475,730.6860502354475,,
T45_C0p5_D100_3,T45_C0p5_D100,2,local_linear,300,True,707,407,,637.8204001109477,337.82040011094773,,
T45_C0p5_D100_3,T45_C0p5_D100,2,ridge_observed_only,300,True,707,407,,715.1444691398971,415.14446913989707,,
T45_C0p5_D100_3,T45_C0p5_D100,2,random_forest_observed_only,300,True,707,407,,719.0044275342713,419.00442753427126,,
T45_C0p5_D100_3,T45_C0p5_D100,2,lognormal_aft_censored,300,True,707,407,,707.1023801375652,407.1023801375652,655.7005285043799,762.5337395055492
T45_C0p5_D100_3,T45_C0p5_D100,2,structure_matched_simulation_ceiling,300,True,707,407,,702.837344282946,402.837344282946,,
T45_C0p5_D80_0,T45_C0p5_D80,2,local_linear,300,True,953,653,,745.9287973258063,445.9287973258063,,
T45_C0p5_D80_0,T45_C0p5_D80,2,ridge_observed_only,300,True,953,653,,914.4756650896697,614.4756650896697,,
T45_C0p5_D80_0,T45_C0p5_D80,2,random_forest_observed_only,300,True,953,653,,883.1770202020201,583.1770202020201,,
T45_C0p5_D80_0,T45_C0p5_D80,2,lognormal_aft_censored,300,True,953,653,,908.7993249917703,608.7993249917703,842.7353866148725,980.0421653385946
T45_C0p5_D80_0,T45_C0p5_D80,2,structure_matched_simulation_ceiling,300,True,953,653,,953.804724355779,653.804724355779,,
T45_C1_D100_1,T45_C1_D100,2,local_linear,300,True,614,314,,652.2456883937411,352.24568839374115,,
T45_C1_D100_1,T45_C1_D100,2,ridge_observed_only,300,True,614,314,,667.6790822507671,367.6790822507671,,
T45_C1_D100_1,T45_C1_D100,2,random_forest_observed_only,300,True,614,314,,649.5879698773448,349.5879698773448,,
T45_C1_D100_1,T45_C1_D100,2,lognormal_aft_censored,300,True,614,314,,651.698049497099,351.69804949709896,604.3237407819041,702.7861377228237
T45_C1_D100_1,T45_C1_D100,2,structure_matched_simulation_ceiling,300,True,614,314,,627.264620412778,327.26462041277796,,
T45_C1_D50_2,T45_C1_D50,2,local_linear,300,False,1000,,700,1223.4437432133643,923.4437432133643,,
T45_C1_D50_2,T45_C1_D50,2,ridge_observed_only,300,False,1000,,700,1311.3725690636718,1011.3725690636718,,
T45_C1_D50_2,T45_C1_D50,2,random_forest_observed_only,300,False,1000,,700,965.701937454906,665.701937454906,,
T45_C1_D50_2,T45_C1_D50,2,lognormal_aft_censored,300,False,1000,,700,1591.5269888037042,1291.5269888037042,1475.83308584614,1716.2903992211043
T45_C1_D50_2,T45_C1_D50,2,structure_matched_simulation_ceiling,300,False,1000,,700,1795.899570129598,1495.899570129598,,
T45_C1_D80_3,T45_C1_D80,2,local_linear,300,True,896,596,,839.5135359859229,539.5135359859229,,
T45_C1_D80_3,T45_C1_D80,2,ridge_observed_only,300,True,896,596,,915.9075895216172,615.9075895216172,,
T45_C1_D80_3,T45_C1_D80,2,random_forest_observed_only,300,True,896,596,,909.8581392392327,609.8581392392327,,
T45_C1_D80_3,T45_C1_D80,2,lognormal_aft_censored,300,True,896,596,,914.7812694277623,614.7812694277623,848.2824816867355,986.4930479666575
T45_C1_D80_3,T45_C1_D80,2,structure_matched_simulation_ceiling,300,True,896,596,,898.6374149302148,598.6374149302148,,
T45_C2_D50_0,T45_C2_D50,2,local_linear,300,False,1000,,700,1255.7138672540536,955.7138672540536,,
T45_C2_D50_0,T45_C2_D50,2,ridge_observed_only,300,False,1000,,700,1224.7570620917297,924.7570620917297,,
T45_C2_D50_0,T45_C2_D50,2,random_forest_observed_only,300,False,1000,,700,958.2203203914135,658.2203203914135,,
T45_C2_D50_0,T45_C2_D50,2,lognormal_aft_censored,300,False,1000,,700,1361.4828369378492,1061.4828369378492,1262.5116826167557,1468.212564524061
T45_C2_D50_0,T45_C2_D50,2,structure_matched_simulation_ceiling,300,False,1000,,700,1489.5394248975613,1189.5394248975613,,
T45_C2_D80_1,T45_C2_D80,2,local_linear,300,True,768,468,,721.0165098630821,421.0165098630821,,
T45_C2_D80_1,T45_C2_D80,2,ridge_observed_only,300,True,768,468,,827.3961634601691,527.3961634601691,,
T45_C2_D80_1,T45_C2_D80,2,random_forest_observed_only,300,True,768,468,,823.4070926122488,523.4070926122488,,
T45_C2_D80_1,T45_C2_D80,2,lognormal_aft_censored,300,True,768,468,,827.9387566567141,527.9387566567141,767.7528679841956,892.8427536507443
T45_C2_D80_1,T45_C2_D80,2,structure_matched_simulation_ceiling,300,True,768,468,,785.4262646829017,485.42626468290166,,
baseline_2,baseline,2,local_linear,300,False,1000,,700,1757.6887269785818,1457.6887269785818,,
baseline_2,baseline,2,ridge_observed_only,300,False,1000,,700,1275.6972442134784,975.6972442134784,,
baseline_2,baseline,2,random_forest_observed_only,300,False,1000,,700,965.905687454906,665.905687454906,,
baseline_2,baseline,2,lognormal_aft_censored,300,False,1000,,700,1493.7122864811806,1193.7122864811806,1385.1288910788992,1610.8077805285957
baseline_2,baseline,2,structure_matched_simulation_ceiling,300,False,1000,,700,1472.180486483102,1172.180486483102,,
T25_C0p5_D100_0,T25_C0p5_D100,3,local_linear,300,False,1000,,700,909.289373126109,609.289373126109,,
T25_C0p5_D100_0,T25_C0p5_D100,3,ridge_observed_only,300,False,1000,,700,1025.6888548344718,725.6888548344718,,
T25_C0p5_D100_0,T25_C0p5_D100,3,random_forest_observed_only,300,False,1000,,700,947.4358928571431,647.4358928571431,,
T25_C0p5_D100_0,T25_C0p5_D100,3,lognormal_aft_censored,300,False,1000,,700,1086.4180434521932,786.4180434521932,1002.4005105347458,1177.4776177127449
T25_C0p5_D100_0,T25_C0p5_D100,3,structure_matched_simulation_ceiling,300,False,1000,,700,1038.1032944556548,738.1032944556548,,
T25_C0p5_D50_1,T25_C0p5_D50,3,local_linear,300,False,1000,,700,1845.9282841369386,1545.9282841369386,,
T25_C0p5_D50_1,T25_C0p5_D50,3,ridge_observed_only,300,False,1000,,700,1592.7672448224941,1292.7672448224941,,
T25_C0p5_D50_1,T25_C0p5_D50,3,random_forest_observed_only,300,False,1000,,700,965.53628968254,665.53628968254,,
T25_C0p5_D50_1,T25_C0p5_D50,3,lognormal_aft_censored,300,False,1000,,700,2396.3826220389114,2096.3826220389114,2211.0597097001373,2597.238620927566
T25_C0p5_D50_1,T25_C0p5_D50,3,structure_matched_simulation_ceiling,300,False,1000,,700,3000.0,2700.0,,
T25_C0p5_D80_2,T25_C0p5_D80,3,local_linear,300,False,1000,,700,1429.8601954985277,1129.8601954985277,,
T25_C0p5_D80_2,T25_C0p5_D80,3,ridge_observed_only,300,False,1000,,700,1246.9844514341953,946.9844514341953,,
T25_C0p5_D80_2,T25_C0p5_D80,3,random_forest_observed_only,300,False,1000,,700,965.0959995039684,665.0959995039684,,
T25_C0p5_D80_2,T25_C0p5_D80,3,lognormal_aft_censored,300,False,1000,,700,1425.8234163008276,1125.8234163008276,1315.5581583409496,1545.33070361218
T25_C0p5_D80_2,T25_C0p5_D80,3,structure_matched_simulation_ceiling,300,False,1000,,700,1526.4714994394274,1226.4714994394274,,
T25_C1_D100_3,T25_C1_D100,3,local_linear,300,False,1000,,700,982.2354233227578,682.2354233227578,,
T25_C1_D100_3,T25_C1_D100,3,ridge_observed_only,300,False,1000,,700,996.5975242587208,696.5975242587208,,
T25_C1_D100_3,T25_C1_D100,3,random_forest_observed_only,300,False,1000,,700,951.4079836309527,651.4079836309527,,
T25_C1_D100_3,T25_C1_D100,3,lognormal_aft_censored,300,False,1000,,700,1018.8026138435415,718.8026138435415,940.0140824298069,1104.194910879901
T25_C1_D100_3,T25_C1_D100,3,structure_matched_simulation_ceiling,300,False,1000,,700,1019.8378123403821,719.8378123403821,,
T25_C2_D100_0,T25_C2_D100,3,local_linear,300,True,847,547,,801.8751075964992,501.8751075964992,,
T25_C2_D100_0,T25_C2_D100,3,ridge_observed_only,300,True,847,547,,904.9712611267297,604.9712611267297,,
T25_C2_D100_0,T25_C2_D100,3,random_forest_observed_only,300,True,847,547,,925.6636084054838,625.6636084054838,,
T25_C2_D100_0,T25_C2_D100,3,lognormal_aft_censored,300,True,847,547,,899.2323950780019,599.2323950780019,829.6907597846207,974.6027550886898
T25_C2_D100_0,T25_C2_D100,3,structure_matched_simulation_ceiling,300,True,847,547,,847.8233131394064,547.8233131394064,,
T25_C2_D50_1,T25_C2_D50,3,local_linear,300,False,1000,,700,1872.8042842969123,1572.8042842969123,,
T25_C2_D50_1,T25_C2_D50,3,ridge_observed_only,300,False,1000,,700,1498.590292152102,1198.590292152102,,
T25_C2_D50_1,T25_C2_D50,3,random_forest_observed_only,300,False,1000,,700,969.3606572420637,669.3606572420637,,
T25_C2_D50_1,T25_C2_D50,3,lognormal_aft_censored,300,False,1000,,700,2050.8591922816377,1750.8591922816377,1892.257141501031,2222.754685036976
T25_C2_D50_1,T25_C2_D50,3,structure_matched_simulation_ceiling,300,False,1000,,700,2553.4332405741416,2253.4332405741416,,
T25_C2_D80_2,T25_C2_D80,3,local_linear,300,False,1000,,700,1099.4633623297464,799.4633623297464,,
T25_C2_D80_2,T25_C2_D80,3,ridge_observed_only,300,False,1000,,700,1166.2114301064591,866.2114301064591,,
T25_C2_D80_2,T25_C2_D80,3,random_forest_observed_only,300,False,1000,,700,967.4285218253968,667.4285218253968,,
T25_C2_D80_2,T25_C2_D80,3,lognormal_aft_censored,300,False,1000,,700,1324.3575928308107,1024.3575928308107,1221.939137687553,1435.360387103906
T25_C2_D80_2,T25_C2_D80,3,structure_matched_simulation_ceiling,300,False,1000,,700,1379.897051836433,1079.897051836433,,
T35_C0p5_D100_3,T35_C0p5_D100,3,local_linear,300,True,948,648,,1168.0909599063307,868.0909599063307,,
T35_C0p5_D100_3,T35_C0p5_D100,3,ridge_observed_only,300,True,948,648,,932.912201997063,632.912201997063,,
T35_C0p5_D100_3,T35_C0p5_D100,3,random_forest_observed_only,300,True,948,648,,942.1379290674606,642.1379290674606,,
T35_C0p5_D100_3,T35_C0p5_D100,3,lognormal_aft_censored,300,True,948,648,,938.4654420584058,638.4654420584058,865.8897409779233,1017.1241721182764
T35_C0p5_D100_3,T35_C0p5_D100,3,structure_matched_simulation_ceiling,300,True,948,648,,954.8963723813181,654.8963723813181,,
T35_C0p5_D80_0,T35_C0p5_D80,3,local_linear,300,False,1000,,700,993.9459558382796,693.9459558382796,,
T35_C0p5_D80_0,T35_C0p5_D80,3,ridge_observed_only,300,False,1000,,700,1132.0536808275324,832.0536808275324,,
T35_C0p5_D80_0,T35_C0p5_D80,3,random_forest_observed_only,300,False,1000,,700,960.4261235119047,660.4261235119047,,
T35_C0p5_D80_0,T35_C0p5_D80,3,lognormal_aft_censored,300,False,1000,,700,1265.672201950267,965.672201950267,1167.7921487507142,1371.7562020804414
T35_C0p5_D80_0,T35_C0p5_D80,3,structure_matched_simulation_ceiling,300,False,1000,,700,1262.660561010986,962.6605610109859,,
T35_C1_D100_1,T35_C1_D100,3,local_linear,300,True,788,488,,698.5599774415515,398.5599774415515,,
T35_C1_D100_1,T35_C1_D100,3,ridge_observed_only,300,True,788,488,,776.0578658199736,476.0578658199736,,
T35_C1_D100_1,T35_C1_D100,3,random_forest_observed_only,300,True,788,488,,738.859290674603,438.859290674603,,
T35_C1_D100_1,T35_C1_D100,3,lognormal_aft_censored,300,True,788,488,,766.7993020942882,466.79930209428824,707.4993061184596,831.0696061570967
T35_C1_D100_1,T35_C1_D100,3,structure_matched_simulation_ceiling,300,True,788,488,,789.7431965143967,489.7431965143967,,
T35_C1_D50_2,T35_C1_D50,3,local_linear,300,False,1000,,700,1768.489854818815,1468.489854818815,,
T35_C1_D50_2,T35_C1_D50,3,ridge_observed_only,300,False,1000,,700,1437.6328238248923,1137.6328238248923,,
T35_C1_D50_2,T35_C1_D50,3,random_forest_observed_only,300,False,1000,,700,965.3459275793651,665.3459275793651,,
T35_C1_D50_2,T35_C1_D50,3,lognormal_aft_censored,300,False,1000,,700,1856.1505107367166,1556.1505107367166,1712.6061471508392,2011.7262362043398
T35_C1_D50_2,T35_C1_D50,3,structure_matched_simulation_ceiling,300,False,1000,,700,2096.4799973814825,1796.4799973814825,,
T35_C1_D80_3,T35_C1_D80,3,local_linear,300,False,1000,,700,1215.0037491035573,915.0037491035573,,
T35_C1_D80_3,T35_C1_D80,3,ridge_observed_only,300,False,1000,,700,1163.2753277354334,863.2753277354334,,
T35_C1_D80_3,T35_C1_D80,3,random_forest_observed_only,300,False,1000,,700,963.8563442460318,663.8563442460318,,
T35_C1_D80_3,T35_C1_D80,3,lognormal_aft_censored,300,False,1000,,700,1307.2069398654444,1007.2069398654444,1206.1148208952263,1416.7722293338936
T35_C1_D80_3,T35_C1_D80,3,structure_matched_simulation_ceiling,300,False,1000,,700,1263.9827592262527,963.9827592262527,,
T35_C2_D50_0,T35_C2_D50,3,local_linear,300,False,1000,,700,1071.8307845547029,771.8307845547029,,
T35_C2_D50_0,T35_C2_D50,3,ridge_observed_only,300,False,1000,,700,1355.5113431555592,1055.5113431555592,,
T35_C2_D50_0,T35_C2_D50,3,random_forest_observed_only,300,False,1000,,700,964.6748611111113,664.6748611111113,,
T35_C2_D50_0,T35_C2_D50,3,lognormal_aft_censored,300,False,1000,,700,1735.6165789211307,1435.6165789211307,1601.393639666357,1881.0895924711563
T35_C2_D50_0,T35_C2_D50,3,structure_matched_simulation_ceiling,300,False,1000,,700,2017.1192903625836,1717.1192903625836,,
T35_C2_D80_1,T35_C2_D80,3,local_linear,300,False,1000,,700,837.0072117466254,537.0072117466254,,
T35_C2_D80_1,T35_C2_D80,3,ridge_observed_only,300,False,1000,,700,1008.8037469349259,708.8037469349259,,
T35_C2_D80_1,T35_C2_D80,3,random_forest_observed_only,300,False,1000,,700,898.6691026334777,598.6691026334777,,
T35_C2_D80_1,T35_C2_D80,3,lognormal_aft_censored,300,False,1000,,700,1042.6111536693168,742.6111536693168,961.9814021188361,1129.9989951587227
T35_C2_D80_1,T35_C2_D80,3,structure_matched_simulation_ceiling,300,False,1000,,700,1079.0371402980043,779.0371402980043,,
T45_C0p5_D100_2,T45_C0p5_D100,3,local_linear,300,True,657,357,,611.9129746678339,311.91297466783385,,
T45_C0p5_D100_2,T45_C0p5_D100,3,ridge_observed_only,300,True,657,357,,687.8219992552112,387.82199925521115,,
T45_C0p5_D100_2,T45_C0p5_D100,3,random_forest_observed_only,300,True,657,357,,739.0387425595239,439.03874255952394,,
T45_C0p5_D100_2,T45_C0p5_D100,3,lognormal_aft_censored,300,True,657,357,,662.9684220678745,362.9684220678745,611.698129237206,718.5360027294221
T45_C0p5_D100_2,T45_C0p5_D100,3,structure_matched_simulation_ceiling,300,True,657,357,,638.3947838524709,338.39478385247094,,
T45_C0p5_D50_3,T45_C0p5_D50,3,local_linear,300,False,1000,,700,1211.3677542999906,911.3677542999906,,
T45_C0p5_D50_3,T45_C0p5_D50,3,ridge_observed_only,300,False,1000,,700,1329.653126631512,1029.653126631512,,
T45_C0p5_D50_3,T45_C0p5_D50,3,random_forest_observed_only,300,False,1000,,700,962.0905952380951,662.0905952380951,,
T45_C0p5_D50_3,T45_C0p5_D50,3,lognormal_aft_censored,300,False,1000,,700,1639.7701123245176,1339.7701123245176,1512.9594060594627,1777.2096267116128
T45_C0p5_D50_3,T45_C0p5_D50,3,structure_matched_simulation_ceiling,300,False,1000,,700,1897.4972494350598,1597.4972494350598,,
T45_C1_D100_0,T45_C1_D100,3,local_linear,300,True,703,403,,686.0941898239739,386.0941898239739,,
T45_C1_D100_0,T45_C1_D100,3,ridge_observed_only,300,True,703,403,,666.7087844219113,366.70878442191133,,
T45_C1_D100_0,T45_C1_D100,3,random_forest_observed_only,300,True,703,403,,650.1771823142136,350.1771823142136,,
T45_C1_D100_0,T45_C1_D100,3,lognormal_aft_censored,300,True,703,403,,657.6922571746954,357.69225717469544,606.8299936107188,712.8176090535042
T45_C1_D100_0,T45_C1_D100,3,structure_matched_simulation_ceiling,300,True,703,403,,694.2479904589081,394.24799045890813,,
T45_C1_D50_1,T45_C1_D50,3,local_linear,300,False,1000,,700,1184.2998091769223,884.2998091769223,,
T45_C1_D50_1,T45_C1_D50,3,ridge_observed_only,300,False,1000,,700,1293.1115875907603,993.1115875907603,,
T45_C1_D50_1,T45_C1_D50,3,random_forest_observed_only,300,False,1000,,700,966.2431894841269,666.2431894841269,,
T45_C1_D50_1,T45_C1_D50,3,lognormal_aft_censored,300,False,1000,,700,1510.28483122117,1210.28483122117,1393.4877968874614,1636.871364436476
T45_C1_D50_1,T45_C1_D50,3,structure_matched_simulation_ceiling,300,False,1000,,700,1644.694177443533,1344.694177443533,,
T45_C1_D80_2,T45_C1_D80,3,local_linear,300,True,916,616,,824.5990138913269,524.5990138913269,,
T45_C1_D80_2,T45_C1_D80,3,ridge_observed_only,300,True,916,616,,926.4161250722015,626.4161250722015,,
T45_C1_D80_2,T45_C1_D80,3,random_forest_observed_only,300,True,916,616,,906.7712883297256,606.7712883297256,,
T45_C1_D80_2,T45_C1_D80,3,lognormal_aft_censored,300,True,916,616,,947.282790653156,647.282790653156,874.0252048412215,1026.6805585207874
T45_C1_D80_2,T45_C1_D80,3,structure_matched_simulation_ceiling,300,True,916,616,,926.4434626286113,626.4434626286113,,
T45_C2_D100_3,T45_C2_D100,3,local_linear,300,True,576,276,,638.5246438313542,338.5246438313542,,
T45_C2_D100_3,T45_C2_D100,3,ridge_observed_only,300,True,576,276,,616.2400972614608,316.24009726146085,,
T45_C2_D100_3,T45_C2_D100,3,random_forest_observed_only,300,True,576,276,,607.9484670364361,307.9484670364361,,
T45_C2_D100_3,T45_C2_D100,3,lognormal_aft_censored,300,True,576,276,,604.342604407669,304.342604407669,557.6061064589661,654.996384135046
T45_C2_D100_3,T45_C2_D100,3,structure_matched_simulation_ceiling,300,True,576,276,,598.4401875235535,298.4401875235535,,
T45_C2_D80_0,T45_C2_D80,3,local_linear,300,True,708,408,,667.2302185934936,367.23021859349365,,
T45_C2_D80_0,T45_C2_D80,3,ridge_observed_only,300,True,708,408,,788.1608675939827,488.16086759398274,,
T45_C2_D80_0,T45_C2_D80,3,random_forest_observed_only,300,True,708,408,,709.5811832611832,409.58118326118324,,
T45_C2_D80_0,T45_C2_D80,3,lognormal_aft_censored,300,True,708,408,,768.7108611730766,468.71086117307664,709.2630358429827,833.1413851042291
T45_C2_D80_0,T45_C2_D80,3,structure_matched_simulation_ceiling,300,True,708,408,,694.4271964476451,394.4271964476451,,
baseline_1,baseline,3,local_linear,300,False,1000,,700,1061.1361791333143,761.1361791333143,,
baseline_1,baseline,3,ridge_observed_only,300,False,1000,,700,1264.090027277472,964.090027277472,,
baseline_1,baseline,3,random_forest_observed_only,300,False,1000,,700,965.5230158730161,665.5230158730161,,
baseline_1,baseline,3,lognormal_aft_censored,300,False,1000,,700,1518.4947587765967,1218.4947587765967,1401.0628142784306,1645.7694179968166
baseline_1,baseline,3,structure_matched_simulation_ceiling,300,False,1000,,700,1440.5446319181563,1140.5446319181563,,
T25_C0p5_D50_0,T25_C0p5_D50,4,local_linear,300,False,1000,,700,2157.5553533527413,1857.5553533527413,,
T25_C0p5_D50_0,T25_C0p5_D50,4,ridge_observed_only,300,False,1000,,700,1595.1643219839605,1295.1643219839605,,
T25_C0p5_D50_0,T25_C0p5_D50,4,random_forest_observed_only,300,False,1000,,700,960.7494469246034,660.7494469246034,,
T25_C0p5_D50_0,T25_C0p5_D50,4,lognormal_aft_censored,300,False,1000,,700,2399.9358281017826,2099.9358281017826,2258.5262851467164,2550.1992236643077
T25_C0p5_D50_0,T25_C0p5_D50,4,structure_matched_simulation_ceiling,300,False,1000,,700,2869.250037397392,2569.250037397392,,
T25_C0p5_D80_1,T25_C0p5_D80,4,local_linear,300,False,1000,,700,1748.6376296292206,1448.6376296292206,,
T25_C0p5_D80_1,T25_C0p5_D80,4,ridge_observed_only,300,False,1000,,700,1276.409871824358,976.4098718243581,,
T25_C0p5_D80_1,T25_C0p5_D80,4,random_forest_observed_only,300,False,1000,,700,956.4140600198414,656.4140600198414,,
T25_C0p5_D80_1,T25_C0p5_D80,4,lognormal_aft_censored,300,False,1000,,700,1500.0855724469786,1200.0855724469786,1411.697202762529,1594.0080636698053
T25_C0p5_D80_1,T25_C0p5_D80,4,structure_matched_simulation_ceiling,300,False,1000,,700,1399.4632382595853,1099.4632382595853,,
T25_C1_D100_2,T25_C1_D100,4,local_linear,300,True,971,671,,889.5771292564277,589.5771292564277,,
T25_C1_D100_2,T25_C1_D100,4,ridge_observed_only,300,True,971,671,,978.9279112074773,678.9279112074773,,
T25_C1_D100_2,T25_C1_D100,4,random_forest_observed_only,300,True,971,671,,945.6675074404762,645.6675074404762,,
T25_C1_D100_2,T25_C1_D100,4,lognormal_aft_censored,300,True,971,671,,1049.195706106773,749.1957061067731,987.3747675909602,1114.887341509342
T25_C1_D100_2,T25_C1_D100,4,structure_matched_simulation_ceiling,300,True,971,671,,993.1551074501303,693.1551074501303,,
T25_C1_D50_3,T25_C1_D50,4,local_linear,300,False,1000,,700,1536.5285447433232,1236.5285447433232,,
T25_C1_D50_3,T25_C1_D50,4,ridge_observed_only,300,False,1000,,700,1543.6433760281498,1243.6433760281498,,
T25_C1_D50_3,T25_C1_D50,4,random_forest_observed_only,300,False,1000,,700,959.2384250992066,659.2384250992066,,
T25_C1_D50_3,T25_C1_D50,4,lognormal_aft_censored,300,False,1000,,700,2246.6236204006705,1946.6236204006705,2114.2475728276845,2387.2879205871423
T25_C1_D50_3,T25_C1_D50,4,structure_matched_simulation_ceiling,300,False,1000,,700,2911.793616316609,2611.793616316609,,
T25_C2_D50_0,T25_C2_D50,4,local_linear,300,False,1000,,700,1773.2183006264922,1473.2183006264922,,
T25_C2_D50_0,T25_C2_D50,4,ridge_observed_only,300,False,1000,,700,1453.2331484651058,1153.2331484651058,,
T25_C2_D50_0,T25_C2_D50,4,random_forest_observed_only,300,False,1000,,700,961.9499950396827,661.9499950396827,,
T25_C2_D50_0,T25_C2_D50,4,lognormal_aft_censored,300,False,1000,,700,1964.7270516706542,1664.7270516706542,1848.960975280207,2087.741406754927
T25_C2_D50_0,T25_C2_D50,4,structure_matched_simulation_ceiling,300,False,1000,,700,2454.868204908337,2154.868204908337,,
T25_C2_D80_1,T25_C2_D80,4,local_linear,300,False,1000,,700,1103.5384274828657,803.5384274828657,,
T25_C2_D80_1,T25_C2_D80,4,ridge_observed_only,300,False,1000,,700,1144.8215405375427,844.8215405375427,,
T25_C2_D80_1,T25_C2_D80,4,random_forest_observed_only,300,False,1000,,700,956.8362748015874,656.8362748015874,,
T25_C2_D80_1,T25_C2_D80,4,lognormal_aft_censored,300,False,1000,,700,1259.7134350819235,959.7134350819235,1185.488324967131,1338.5858849094088
T25_C2_D80_1,T25_C2_D80,4,structure_matched_simulation_ceiling,300,False,1000,,700,1319.8713542384123,1019.8713542384123,,
T35_C0p5_D100_2,T35_C0p5_D100,4,local_linear,300,True,823,523,,799.1292761275795,499.1292761275795,,
T35_C0p5_D100_2,T35_C0p5_D100,4,ridge_observed_only,300,True,823,523,,834.5672209422451,534.5672209422451,,
T35_C0p5_D100_2,T35_C0p5_D100,4,random_forest_observed_only,300,True,823,523,,827.9170206529586,527.9170206529586,,
T35_C0p5_D100_2,T35_C0p5_D100,4,lognormal_aft_censored,300,True,823,523,,847.3901299879386,547.3901299879386,797.4600236979688,900.4464312469892
T35_C0p5_D100_2,T35_C0p5_D100,4,structure_matched_simulation_ceiling,300,True,823,523,,819.9986894353862,519.9986894353862,,
T35_C0p5_D50_3,T35_C0p5_D50,4,local_linear,300,False,1000,,700,2011.436643828099,1711.436643828099,,
T35_C0p5_D50_3,T35_C0p5_D50,4,ridge_observed_only,300,False,1000,,700,1495.326720635172,1195.326720635172,,
T35_C0p5_D50_3,T35_C0p5_D50,4,random_forest_observed_only,300,False,1000,,700,959.7972519841271,659.7972519841271,,
T35_C0p5_D50_3,T35_C0p5_D50,4,lognormal_aft_censored,300,False,1000,,700,2070.4182583401653,1770.4182583401653,1948.4246215897704,2200.0500901958158
T35_C0p5_D50_3,T35_C0p5_D50,4,structure_matched_simulation_ceiling,300,False,1000,,700,2337.5483671397524,2037.5483671397524,,
T35_C1_D100_0,T35_C1_D100,4,local_linear,300,True,790,490,,781.7116957915864,481.7116957915864,,
T35_C1_D100_0,T35_C1_D100,4,ridge_observed_only,300,True,790,490,,819.7860348932045,519.7860348932045,,
T35_C1_D100_0,T35_C1_D100,4,random_forest_observed_only,300,True,790,490,,831.147263032107,531.147263032107,,
T35_C1_D100_0,T35_C1_D100,4,lognormal_aft_censored,300,True,790,490,,837.5985920223887,537.5985920223887,788.2454248706754,890.0418311631714
T35_C1_D100_0,T35_C1_D100,4,structure_matched_simulation_ceiling,300,True,790,490,,799.9251948473459,499.9251948473459,,
T35_C1_D50_1,T35_C1_D50,4,local_linear,300,False,1000,,700,1371.2886468781956,1071.2886468781956,,
T35_C1_D50_1,T35_C1_D50,4,ridge_observed_only,300,False,1000,,700,1390.9710542379403,1090.9710542379403,,
T35_C1_D50_1,T35_C1_D50,4,random_forest_observed_only,300,False,1000,,700,957.8131051587301,657.8131051587301,,
T35_C1_D50_1,T35_C1_D50,4,lognormal_aft_censored,300,False,1000,,700,1792.7756928813235,1492.7756928813235,1687.1413720037453,1905.0239288299397
T35_C1_D50_1,T35_C1_D50,4,structure_matched_simulation_ceiling,300,False,1000,,700,2149.889788588653,1849.8897885886531,,
T35_C1_D80_2,T35_C1_D80,4,local_linear,300,False,1000,,700,1150.9570551927663,850.9570551927663,,
T35_C1_D80_2,T35_C1_D80,4,ridge_observed_only,300,False,1000,,700,1080.5973265538441,780.5973265538441,,
T35_C1_D80_2,T35_C1_D80,4,random_forest_observed_only,300,False,1000,,700,957.8131051587301,657.8131051587301,,
T35_C1_D80_2,T35_C1_D80,4,lognormal_aft_censored,300,False,1000,,700,1135.619957863192,835.619957863192,1068.7067107122873,1206.7227385871513
T35_C1_D80_2,T35_C1_D80,4,structure_matched_simulation_ceiling,300,False,1000,,700,1150.1375351936479,850.1375351936479,,
T35_C2_D100_3,T35_C2_D100,4,local_linear,300,True,742,442,,772.2414601395105,472.24146013951054,,
T35_C2_D100_3,T35_C2_D100,4,ridge_observed_only,300,True,742,442,,752.0495413114736,452.0495413114736,,
T35_C2_D100_3,T35_C2_D100,4,random_forest_observed_only,300,True,742,442,,778.4502991973308,478.45029919733076,,
T35_C2_D100_3,T35_C2_D100,4,lognormal_aft_censored,300,True,742,442,,725.3346807223237,425.3346807223237,682.5963522681294,770.748916706626
T35_C2_D100_3,T35_C2_D100,4,structure_matched_simulation_ceiling,300,True,742,442,,743.1779995100449,443.17799951004486,,
T35_C2_D80_0,T35_C2_D80,4,local_linear,300,True,958,658,,784.4891819530422,484.48918195304225,,
T35_C2_D80_0,T35_C2_D80,4,ridge_observed_only,300,True,958,658,,935.0118794898657,635.0118794898657,,
T35_C2_D80_0,T35_C2_D80,4,random_forest_observed_only,300,True,958,658,,882.2575024801587,582.2575024801587,,
T35_C2_D80_0,T35_C2_D80,4,lognormal_aft_censored,300,True,958,658,,940.4500637321331,640.4500637321331,885.0366597039052,999.3329797995832
T35_C2_D80_0,T35_C2_D80,4,structure_matched_simulation_ceiling,300,True,958,658,,934.3802441982065,634.3802441982065,,
T45_C0p5_D100_1,T45_C0p5_D100,4,local_linear,300,True,702,402,,564.6299158813656,264.6299158813656,,
T45_C0p5_D100_1,T45_C0p5_D100,4,ridge_observed_only,300,True,702,402,,644.8388927855049,344.83889278550487,,
T45_C0p5_D100_1,T45_C0p5_D100,4,random_forest_observed_only,300,True,702,402,,616.9234672619049,316.9234672619049,,
T45_C0p5_D100_1,T45_C0p5_D100,4,lognormal_aft_censored,300,True,702,402,,666.022355366808,366.02235536680803,626.7788406996806,707.7229623022544
T45_C0p5_D100_1,T45_C0p5_D100,4,structure_matched_simulation_ceiling,300,True,702,402,,682.8685223540498,382.8685223540498,,
T45_C0p5_D50_2,T45_C0p5_D50,4,local_linear,300,False,1000,,700,1162.011578246355,862.0115782463549,,
T45_C0p5_D50_2,T45_C0p5_D50,4,ridge_observed_only,300,False,1000,,700,1310.5541038802385,1010.5541038802385,,
T45_C0p5_D50_2,T45_C0p5_D50,4,random_forest_observed_only,300,False,1000,,700,959.7972519841271,659.7972519841271,,
T45_C0p5_D50_2,T45_C0p5_D50,4,lognormal_aft_censored,300,False,1000,,700,1556.0620967773464,1256.0620967773464,1464.3754661022972,1653.4893578024232
T45_C0p5_D50_2,T45_C0p5_D50,4,structure_matched_simulation_ceiling,300,False,1000,,700,1780.4964245571398,1480.4964245571398,,
T45_C0p5_D80_3,T45_C0p5_D80,4,local_linear,300,False,1000,,700,936.6403321819229,636.6403321819229,,
T45_C0p5_D80_3,T45_C0p5_D80,4,ridge_observed_only,300,False,1000,,700,1004.2921451080202,704.2921451080202,,
T45_C0p5_D80_3,T45_C0p5_D80,4,random_forest_observed_only,300,False,1000,,700,955.7266790674603,655.7266790674603,,
T45_C0p5_D80_3,T45_C0p5_D80,4,lognormal_aft_censored,300,False,1000,,700,1022.5579843039287,722.5579843039287,962.3065994492584,1086.5817940582965
T45_C0p5_D80_3,T45_C0p5_D80,4,structure_matched_simulation_ceiling,300,False,1000,,700,1074.6988232432675,774.6988232432675,,
T45_C1_D50_0,T45_C1_D50,4,local_linear,300,False,1000,,700,1312.7236263962272,1012.7236263962272,,
T45_C1_D50_0,T45_C1_D50,4,ridge_observed_only,300,False,1000,,700,1297.117250719476,997.117250719476,,
T45_C1_D50_0,T45_C1_D50,4,random_forest_observed_only,300,False,1000,,700,957.8131051587301,657.8131051587301,,
T45_C1_D50_0,T45_C1_D50,4,lognormal_aft_censored,300,False,1000,,700,1529.06754821741,1229.06754821741,1438.9714962276075,1624.8046421635188
T45_C1_D50_0,T45_C1_D50,4,structure_matched_simulation_ceiling,300,False,1000,,700,1738.0253684121617,1438.0253684121617,,
T45_C1_D80_1,T45_C1_D80,4,local_linear,300,True,992,692,,853.9672846209,553.9672846209,,
T45_C1_D80_1,T45_C1_D80,4,ridge_observed_only,300,True,992,692,,903.6418705973819,603.6418705973819,,
T45_C1_D80_1,T45_C1_D80,4,random_forest_observed_only,300,True,992,692,,850.4951778950217,550.4951778950217,,
T45_C1_D80_1,T45_C1_D80,4,lognormal_aft_censored,300,True,992,692,,906.1840308971639,606.1840308971639,852.7896575385639,962.9215019131468
T45_C1_D80_1,T45_C1_D80,4,structure_matched_simulation_ceiling,300,True,992,692,,982.9256732897281,682.9256732897281,,
T45_C2_D100_2,T45_C2_D100,4,local_linear,300,True,521,221,,515.801084912089,215.80108491208898,,
T45_C2_D100_2,T45_C2_D100,4,ridge_observed_only,300,True,521,221,,474.2431585685898,174.24315856858982,,
T45_C2_D100_2,T45_C2_D100,4,random_forest_observed_only,300,True,521,221,,580.0148363095238,280.01483630952384,,
T45_C2_D100_2,T45_C2_D100,4,lognormal_aft_censored,300,True,521,221,,524.6580222811997,224.6580222811997,493.7440077189124,557.5076072634146
T45_C2_D100_2,T45_C2_D100,4,structure_matched_simulation_ceiling,300,True,521,221,,515.9310026815289,215.93100268152887,,
T45_C2_D50_3,T45_C2_D50,4,local_linear,300,False,1000,,700,1269.1657198034595,969.1657198034595,,
T45_C2_D50_3,T45_C2_D50,4,ridge_observed_only,300,False,1000,,700,1218.0712172983167,918.0712172983167,,
T45_C2_D50_3,T45_C2_D50,4,random_forest_observed_only,300,False,1000,,700,960.9978000992063,660.9978000992063,,
T45_C2_D50_3,T45_C2_D50,4,lognormal_aft_censored,300,False,1000,,700,1341.6091894606177,1041.6091894606177,1262.5585998221447,1425.6092489479124
T45_C2_D50_3,T45_C2_D50,4,structure_matched_simulation_ceiling,300,False,1000,,700,1640.6443366900762,1340.6443366900762,,
baseline_0,baseline,4,local_linear,300,False,1000,,700,1096.9663162576599,796.9663162576599,,
baseline_0,baseline,4,ridge_observed_only,300,False,1000,,700,1206.5196146017133,906.5196146017133,,
baseline_0,baseline,4,random_forest_observed_only,300,False,1000,,700,953.6515798611114,653.6515798611114,,
baseline_0,baseline,4,lognormal_aft_censored,300,False,1000,,700,1416.3647162815907,1116.3647162815907,1332.9093651668577,1505.0453256259493
baseline_0,baseline,4,structure_matched_simulation_ceiling,300,False,1000,,700,1289.1622279281864,989.1622279281864,,
T25_C0p5_D100_3,T25_C0p5_D100,5,local_linear,300,False,1000,,700,1095.530398296496,795.5303982964961,,
T25_C0p5_D100_3,T25_C0p5_D100,5,ridge_observed_only,300,False,1000,,700,1022.3579235464758,722.3579235464758,,
T25_C0p5_D100_3,T25_C0p5_D100,5,random_forest_observed_only,300,False,1000,,700,947.343507620851,647.343507620851,,
T25_C0p5_D100_3,T25_C0p5_D100,5,lognormal_aft_censored,300,False,1000,,700,1081.3553505792333,781.3553505792333,1006.1479656432516,1162.1843249255687
T25_C0p5_D100_3,T25_C0p5_D100,5,structure_matched_simulation_ceiling,300,False,1000,,700,1093.2807372754999,793.2807372754999,,
T25_C0p5_D80_0,T25_C0p5_D80,5,local_linear,300,False,1000,,700,1267.068808523435,967.0688085234351,,
T25_C0p5_D80_0,T25_C0p5_D80,5,ridge_observed_only,300,False,1000,,700,1274.9313722399534,974.9313722399534,,
T25_C0p5_D80_0,T25_C0p5_D80,5,random_forest_observed_only,300,False,1000,,700,965.1402858946609,665.1402858946609,,
T25_C0p5_D80_0,T25_C0p5_D80,5,lognormal_aft_censored,300,False,1000,,700,1548.7579839603607,1248.7579839603607,1441.043126110913,1664.524294532698
T25_C0p5_D80_0,T25_C0p5_D80,5,structure_matched_simulation_ceiling,300,False,1000,,700,1575.5232927340946,1275.5232927340946,,
T25_C1_D100_1,T25_C1_D100,5,local_linear,300,False,1000,,700,1014.765308427099,714.765308427099,,
T25_C1_D100_1,T25_C1_D100,5,ridge_observed_only,300,False,1000,,700,1039.3588810166143,739.3588810166143,,
T25_C1_D100_1,T25_C1_D100,5,random_forest_observed_only,300,False,1000,,700,948.8380512716449,648.8380512716449,,
T25_C1_D100_1,T25_C1_D100,5,lognormal_aft_censored,300,False,1000,,700,1092.9023727232275,792.9023727232275,1016.8919017907855,1174.594462007824
T25_C1_D100_1,T25_C1_D100,5,structure_matched_simulation_ceiling,300,False,1000,,700,1106.8990406922862,806.8990406922862,,
T25_C1_D50_2,T25_C1_D50,5,local_linear,300,False,1000,,700,1633.5215897059952,1333.5215897059952,,
T25_C1_D50_2,T25_C1_D50,5,ridge_observed_only,300,False,1000,,700,1533.5100567673392,1233.5100567673392,,
T25_C1_D50_2,T25_C1_D50,5,random_forest_observed_only,300,False,1000,,700,964.3485398629148,664.3485398629148,,
T25_C1_D50_2,T25_C1_D50,5,lognormal_aft_censored,300,False,1000,,700,2218.5492911438128,1918.5492911438128,2064.250992763796,2384.381053703538
T25_C1_D50_2,T25_C1_D50,5,structure_matched_simulation_ceiling,300,False,1000,,700,2623.8555027473303,2323.8555027473303,,
T25_C2_D100_3,T25_C2_D100,5,local_linear,300,True,974,674,,1123.6626010664938,823.6626010664938,,
T25_C2_D100_3,T25_C2_D100,5,ridge_observed_only,300,True,974,674,,921.9830906596873,621.9830906596873,,
T25_C2_D100_3,T25_C2_D100,5,random_forest_observed_only,300,True,974,674,,944.1949386724385,644.1949386724385,,
T25_C2_D100_3,T25_C2_D100,5,lognormal_aft_censored,300,True,974,674,,911.0895544081017,611.0895544081017,847.7240170823569,979.1915286398097
T25_C2_D100_3,T25_C2_D100,5,structure_matched_simulation_ceiling,300,True,974,674,,986.4963705832538,686.4963705832538,,
T25_C2_D80_0,T25_C2_D80,5,local_linear,300,False,1000,,700,1231.1836943832072,931.1836943832072,,
T25_C2_D80_0,T25_C2_D80,5,ridge_observed_only,300,False,1000,,700,1114.116905544758,814.1169055447581,,
T25_C2_D80_0,T25_C2_D80,5,random_forest_observed_only,300,False,1000,,700,960.1014565295816,660.1014565295816,,
T25_C2_D80_0,T25_C2_D80,5,lognormal_aft_censored,300,False,1000,,700,1221.2246168342806,921.2246168342806,1136.2894382157485,1312.5085164074753
T25_C2_D80_0,T25_C2_D80,5,structure_matched_simulation_ceiling,300,False,1000,,700,1310.244565380116,1010.244565380116,,
T35_C0p5_D100_1,T35_C0p5_D100,5,local_linear,300,True,894,594,,893.8512334232253,593.8512334232253,,
T35_C0p5_D100_1,T35_C0p5_D100,5,ridge_observed_only,300,True,894,594,,928.3681098304651,628.3681098304651,,
T35_C0p5_D100_1,T35_C0p5_D100,5,random_forest_observed_only,300,True,894,594,,946.8109852994227,646.8109852994227,,
T35_C0p5_D100_1,T35_C0p5_D100,5,lognormal_aft_censored,300,True,894,594,,943.6619285533549,643.6619285533549,878.0310091038626,1014.1986173243452
T35_C0p5_D100_1,T35_C0p5_D100,5,structure_matched_simulation_ceiling,300,True,894,594,,879.595400133338,579.595400133338,,
T35_C0p5_D50_2,T35_C0p5_D50,5,local_linear,300,False,1000,,700,1313.0632509157606,1013.0632509157606,,
T35_C0p5_D50_2,T35_C0p5_D50,5,ridge_observed_only,300,False,1000,,700,1440.6771776252765,1140.6771776252765,,
T35_C0p5_D50_2,T35_C0p5_D50,5,random_forest_observed_only,300,False,1000,,700,964.2140160533911,664.2140160533911,,
T35_C0p5_D50_2,T35_C0p5_D50,5,lognormal_aft_censored,300,False,1000,,700,1932.5461286292118,1632.5461286292118,1798.1391175347503,2076.9997731877816
T35_C0p5_D50_2,T35_C0p5_D50,5,structure_matched_simulation_ceiling,300,False,1000,,700,2300.3146930776034,2000.3146930776034,,
T35_C0p5_D80_3,T35_C0p5_D80,5,local_linear,300,False,1000,,700,1032.1377954481545,732.1377954481545,,
T35_C0p5_D80_3,T35_C0p5_D80,5,ridge_observed_only,300,False,1000,,700,1111.8139143506378,811.8139143506378,,
T35_C0p5_D80_3,T35_C0p5_D80,5,random_forest_observed_only,300,False,1000,,700,965.2504570256133,665.2504570256133,,
T35_C0p5_D80_3,T35_C0p5_D80,5,lognormal_aft_censored,300,False,1000,,700,1197.1615418617296,897.1615418617296,1113.8999305319103,1286.6467786099715
T35_C0p5_D80_3,T35_C0p5_D80,5,structure_matched_simulation_ceiling,300,False,1000,,700,1125.2315247397767,825.2315247397767,,
T35_C1_D50_0,T35_C1_D50,5,local_linear,300,False,1000,,700,1252.5444153924404,952.5444153924404,,
T35_C1_D50_0,T35_C1_D50,5,ridge_observed_only,300,False,1000,,700,1420.2265194634278,1120.2265194634278,,
T35_C1_D50_0,T35_C1_D50,5,random_forest_observed_only,300,False,1000,,700,963.5460993867243,663.5460993867243,,
T35_C1_D50_0,T35_C1_D50,5,lognormal_aft_censored,300,False,1000,,700,1867.0041693618352,1567.0041693618352,1737.1555482151737,2006.5586941801703
T35_C1_D50_0,T35_C1_D50,5,structure_matched_simulation_ceiling,300,False,1000,,700,2094.845133768393,1794.8451337683932,,
T35_C1_D80_1,T35_C1_D80,5,local_linear,300,False,1000,,700,1353.1393113268516,1053.1393113268516,,
T35_C1_D80_1,T35_C1_D80,5,ridge_observed_only,300,False,1000,,700,1059.422001325042,759.422001325042,,
T35_C1_D80_1,T35_C1_D80,5,random_forest_observed_only,300,False,1000,,700,959.4097228986293,659.4097228986293,,
T35_C1_D80_1,T35_C1_D80,5,lognormal_aft_censored,300,False,1000,,700,1110.3215043039968,810.3215043039968,1033.0995469408049,1193.3156360105625
T35_C1_D80_1,T35_C1_D80,5,structure_matched_simulation_ceiling,300,False,1000,,700,1153.3191738688245,853.3191738688245,,
T35_C2_D100_2,T35_C2_D100,5,local_linear,300,True,802,502,,793.2461333555757,493.2461333555757,,
T35_C2_D100_2,T35_C2_D100,5,ridge_observed_only,300,True,802,502,,790.1847342835102,490.18473428351024,,
T35_C2_D100_2,T35_C2_D100,5,random_forest_observed_only,300,True,802,502,,886.7606646825392,586.7606646825392,,
T35_C2_D100_2,T35_C2_D100,5,lognormal_aft_censored,300,True,802,502,,755.8269257925066,455.8269257925066,703.2597779787856,812.3233542444742
T35_C2_D100_2,T35_C2_D100,5,structure_matched_simulation_ceiling,300,True,802,502,,804.8703745321149,504.87037453211485,,
T35_C2_D50_3,T35_C2_D50,5,local_linear,300,False,1000,,700,1358.3482590059402,1058.3482590059402,,
T35_C2_D50_3,T35_C2_D50,5,ridge_observed_only,300,False,1000,,700,1371.5437565576744,1071.5437565576744,,
T35_C2_D50_3,T35_C2_D50,5,random_forest_observed_only,300,False,1000,,700,962.6313201208513,662.6313201208513,,
T35_C2_D50_3,T35_C2_D50,5,lognormal_aft_censored,300,False,1000,,700,1723.0661300426195,1423.0661300426195,1603.2282824351205,1851.8615976450608
T35_C2_D50_3,T35_C2_D50,5,structure_matched_simulation_ceiling,300,False,1000,,700,1898.5216387289183,1598.5216387289183,,
T45_C0p5_D100_0,T45_C0p5_D100,5,local_linear,300,True,733,433,,705.8020733429877,405.8020733429877,,
T45_C0p5_D100_0,T45_C0p5_D100,5,ridge_observed_only,300,True,733,433,,723.7446832224765,423.7446832224765,,
T45_C0p5_D100_0,T45_C0p5_D100,5,random_forest_observed_only,300,True,733,433,,735.7597966269841,435.7597966269841,,
T45_C0p5_D100_0,T45_C0p5_D100,5,lognormal_aft_censored,300,True,733,433,,708.0941178445199,408.09411784451993,658.846747992314,761.0226221103819
T45_C0p5_D100_0,T45_C0p5_D100,5,structure_matched_simulation_ceiling,300,True,733,433,,738.9712601950082,438.9712601950082,,
T45_C0p5_D50_1,T45_C0p5_D50,5,local_linear,300,False,1000,,700,1201.9368215410068,901.9368215410068,,
T45_C0p5_D50_1,T45_C0p5_D50,5,ridge_observed_only,300,False,1000,,700,1359.7997283091026,1059.7997283091026,,
T45_C0p5_D50_1,T45_C0p5_D50,5,random_forest_observed_only,300,False,1000,,700,964.2547204184705,664.2547204184705,,
T45_C0p5_D50_1,T45_C0p5_D50,5,lognormal_aft_censored,300,False,1000,,700,1736.3910919454693,1436.3910919454693,1615.6265040776589,1866.1825716388798
T45_C0p5_D50_1,T45_C0p5_D50,5,structure_matched_simulation_ceiling,300,False,1000,,700,1850.356679381977,1550.356679381977,,
T45_C0p5_D80_2,T45_C0p5_D80,5,local_linear,300,True,999,699,,870.967831676027,570.967831676027,,
T45_C0p5_D80_2,T45_C0p5_D80,5,ridge_observed_only,300,True,999,699,,983.9298884725104,683.9298884725104,,
T45_C0p5_D80_2,T45_C0p5_D80,5,random_forest_observed_only,300,True,999,699,,951.8694476010098,651.8694476010098,,
T45_C0p5_D80_2,T45_C0p5_D80,5,lognormal_aft_censored,300,True,999,699,,1021.9970140545311,721.9970140545311,950.9179531350547,1098.3890810904006
T45_C0p5_D80_2,T45_C0p5_D80,5,structure_matched_simulation_ceiling,300,True,999,699,,989.3554425896835,689.3554425896835,,
T45_C1_D100_3,T45_C1_D100,5,local_linear,300,True,620,320,,552.061024961997,252.06102496199696,,
T45_C1_D100_3,T45_C1_D100,5,ridge_observed_only,300,True,620,320,,608.7201194853347,308.72011948533475,,
T45_C1_D100_3,T45_C1_D100,5,random_forest_observed_only,300,True,620,320,,646.7190480699852,346.7190480699852,,
T45_C1_D100_3,T45_C1_D100,5,lognormal_aft_censored,300,True,620,320,,615.3946635052104,315.39466350521036,572.5944652900778,661.3940839942197
T45_C1_D100_3,T45_C1_D100,5,structure_matched_simulation_ceiling,300,True,620,320,,617.9139227361809,317.9139227361809,,
T45_C1_D80_0,T45_C1_D80,5,local_linear,300,True,826,526,,736.7496561951355,436.74965619513546,,
T45_C1_D80_0,T45_C1_D80,5,ridge_observed_only,300,True,826,526,,903.9637678423596,603.9637678423596,,
T45_C1_D80_0,T45_C1_D80,5,random_forest_observed_only,300,True,826,526,,894.1253720238095,594.1253720238095,,
T45_C1_D80_0,T45_C1_D80,5,lognormal_aft_censored,300,True,826,526,,902.248325931248,602.248325931248,839.4976888536128,969.6894374508394
T45_C1_D80_0,T45_C1_D80,5,structure_matched_simulation_ceiling,300,True,826,526,,842.5981207858655,542.5981207858655,,
T45_C2_D100_1,T45_C2_D100,5,local_linear,300,True,493,193,,505.94315570387977,205.94315570387977,,
T45_C2_D100_1,T45_C2_D100,5,ridge_observed_only,300,True,493,193,,496.6648485336668,196.66484853366683,,
T45_C2_D100_1,T45_C2_D100,5,random_forest_observed_only,300,True,493,193,,592.973565791847,292.973565791847,,
T45_C2_D100_1,T45_C2_D100,5,lognormal_aft_censored,300,True,493,193,,516.0212164540816,216.02121645408158,480.1323606397486,554.592686641555
T45_C2_D100_1,T45_C2_D100,5,structure_matched_simulation_ceiling,300,True,493,193,,505.2445089970806,205.24450899708057,,
T45_C2_D50_2,T45_C2_D50,5,local_linear,300,False,1000,,700,1202.0139988645187,902.0139988645187,,
T45_C2_D50_2,T45_C2_D50,5,ridge_observed_only,300,False,1000,,700,1183.4920145281515,883.4920145281515,,
T45_C2_D50_2,T45_C2_D50,5,random_forest_observed_only,300,False,1000,,700,956.0781951208513,656.0781951208513,,
T45_C2_D50_2,T45_C2_D50,5,lognormal_aft_censored,300,False,1000,,700,1338.0258582442648,1038.0258582442648,1244.967248305015,1438.0403980648957
T45_C2_D50_2,T45_C2_D50,5,structure_matched_simulation_ceiling,300,False,1000,,700,1483.2560313670235,1183.2560313670235,,
T45_C2_D80_3,T45_C2_D80,5,local_linear,300,True,844,544,,731.4015019554025,431.4015019554025,,
T45_C2_D80_3,T45_C2_D80,5,ridge_observed_only,300,True,844,544,,809.2423912242485,509.24239122424854,,
T45_C2_D80_3,T45_C2_D80,5,random_forest_observed_only,300,True,844,544,,807.7083195797258,507.70831957972575,,
T45_C2_D80_3,T45_C2_D80,5,lognormal_aft_censored,300,True,844,544,,801.4684112678117,501.4684112678117,745.726935269232,861.3764420729151
T45_C2_D80_3,T45_C2_D80,5,structure_matched_simulation_ceiling,300,True,844,544,,837.6215493395973,537.6215493395973,,
