cell_id,condition_id,capacity_Ah,soh_estimate,resistance_growth,predicted_rul_cycles,rul_lower_cycles,lifetime_interval_width,eligible,grade,gate_failures
T25_C0p5_D100_0,T25_C0p5_D100,1.601993,0.8633711827859633,0.31730180555416165,336.41804345219316,252.40051053474576,175.0771071779991,True,A,NONE
T25_C0p5_D100_1,T25_C0p5_D100,1.770245,0.8812241845137574,0.33511850991525804,320.56122727274874,242.73822608611897,161.74672394773927,True,B,NONE
T25_C0p5_D100_2,T25_C0p5_D100,1.654825,0.8625549285371946,0.3099223068300416,358.4416254235939,279.5743967707501,163.77582719103953,True,A,NONE
T25_C0p5_D100_3,T25_C0p5_D100,1.780645,0.868465397118032,0.30907688351761387,331.35535057923335,256.1479656432516,156.0363592823171,True,A,NONE
T25_C0p5_D50_0,T25_C0p5_D50,1.819072,0.9286873913851443,0.16498041433628674,1649.9358281017826,1508.5262851467164,291.6729385175913,True,A,NONE
T25_C0p5_D50_1,T25_C0p5_D50,1.909827,0.9377696638896021,0.1833234659383891,1646.3826220389114,1461.0597097001373,386.17891122742867,True,A,NONE
T25_C0p5_D50_2,T25_C0p5_D50,1.737167,0.9289129100867195,0.1610146811439057,1618.2059577406317,1446.0524270836895,357.8025670459624,True,A,NONE
T25_C0p5_D50_3,T25_C0p5_D50,2.015329,0.9237469401580747,0.17110974610974594,1456.0580971967465,1299.0938652674517,325.9522029965415,True,A,NONE
T25_C0p5_D80_0,T25_C0p5_D80,1.764831,0.8985503187995236,0.2590251265204653,798.7579839603607,691.0431261109129,223.48116842178501,True,A,NONE
T25_C0p5_D80_1,T25_C0p5_D80,1.58755,0.8835587009563839,0.23404593657135475,750.0855724469786,661.6972027625291,182.31086090727626,True,A,NONE
T25_C0p5_D80_2,T25_C0p5_D80,1.802573,0.894472853041953,0.2523605407511764,675.8234163008276,565.5581583409496,229.77254527123046,True,A,NONE
T25_C0p5_D80_3,T25_C0p5_D80,1.737764,0.8925802282038698,0.2710201930490628,711.3621036463594,605.1303610529094,220.79123243453205,True,A,NONE
T25_C1_D100_0,T25_C1_D100,1.76058,0.8505605690694575,0.36217296377160224,241.5704530395734,171.018777740127,146.5077343181606,True,B,NONE
T25_C1_D100_1,T25_C1_D100,1.573438,0.8592554082388556,0.3486659027664103,342.9023727232275,266.8919017907855,157.70256021703847,True,A,NONE
T25_C1_D100_2,T25_C1_D100,1.777054,0.8539885025019371,0.30764491505069813,299.19570610677306,237.37476759096023,127.51257391838169,True,B,NONE
T25_C1_D100_3,T25_C1_D100,1.809101,0.8590339422921915,0.31609922978053095,268.8026138435415,190.01408242980688,164.18082845009417,True,B,NONE
T25_C1_D50_0,T25_C1_D50,1.883969,0.9242867200282591,0.17240297758447642,1407.9919758372012,1251.1196664185738,326.04219497690497,True,A,NONE
T25_C1_D50_1,T25_C1_D50,1.765329,0.9321807776846357,0.20263849184887595,1633.1917268468,1463.6241803619187,352.1242684025142,True,A,NONE
T25_C1_D50_2,T25_C1_D50,1.877809,0.9248033300246172,0.17834585884378407,1468.5492911438128,1314.2509927637961,320.1300609397417,True,A,NONE
T25_C1_D50_3,T25_C1_D50,1.887388,0.9317678375631109,0.1845701731861109,1496.6236204006705,1364.2475728276845,273.04034775945775,True,A,NONE
T25_C2_D100_0,T25_C2_D100,1.598244,0.8334032075389053,0.30986808343647176,149.2323950780019,79.6907597846207,144.91199530406914,True,B,NONE
T25_C2_D100_1,T25_C2_D100,1.777275,0.8435337503678321,0.3533998640769753,134.8633976193779,70.53944912521672,133.6903972048451,True,B,NONE
T25_C2_D100_2,T25_C2_D100,1.60538,0.8572031942349777,0.38287359942402,246.0218463409533,175.15344795454268,147.16544204346144,True,B,NONE
T25_C2_D100_3,T25_C2_D100,1.720428,0.854503990708091,0.3665065550963207,161.08955440810166,97.72401708235691,131.46751155745278,True,B,NONE
T25_C2_D50_0,T25_C2_D50,1.809274,0.9197395838363853,0.20096216487095964,1214.7270516706542,1098.960975280207,238.78043147472,True,A,NONE
T25_C2_D50_1,T25_C2_D50,1.775971,0.9228488851845001,0.20575065684787042,1300.8591922816377,1142.257141501031,330.49754353594494,True,A,NONE
T25_C2_D50_2,T25_C2_D50,1.91077,0.9102194555079669,0.20497279564730375,1129.0272651324126,992.4339182421706,283.8945560525294,True,A,NONE
T25_C2_D50_3,T25_C2_D50,1.764135,0.9136238389928534,0.21971516653112166,1193.0957894363253,1054.8417069434477,287.098673423372,True,A,NONE
T25_C2_D80_0,T25_C2_D80,1.785448,0.8772363915079275,0.31176901628267695,471.2246168342806,386.28943821574853,176.2190781917268,True,A,NONE
T25_C2_D80_1,T25_C2_D80,1.675252,0.886090263941128,0.2955017684486596,509.71343508192354,435.4883249671309,153.09755994227794,True,A,NONE
T25_C2_D80_2,T25_C2_D80,1.631496,0.8896278085847794,0.27246745583951015,574.3575928308107,471.93913768755306,213.42124941635302,True,A,NONE
T25_C2_D80_3,T25_C2_D80,1.576392,0.8697680680280816,0.2824466094064564,404.21845195749415,320.3141019137827,174.38615239200362,True,A,NONE
T35_C0p5_D100_0,T35_C0p5_D100,1.717266,0.8358601978739731,0.3565741255923718,157.75495934531443,93.16687793680478,134.12372464515965,True,B,NONE
T35_C0p5_D100_1,T35_C0p5_D100,1.627378,0.849793762698907,0.38833903185171836,193.66192855335487,128.03100910386263,136.16760822048252,True,B,NONE
T35_C0p5_D100_2,T35_C0p5_D100,1.68529,0.8297104365765982,0.4120598027627649,97.39012998793862,47.460023697968836,102.98640754902033,True,B,NONE
T35_C0p5_D100_3,T35_C0p5_D100,1.594209,0.8516558233681563,0.3788362386447335,188.46544205840576,115.88974097792334,151.23443114035308,True,B,NONE
T35_C0p5_D50_0,T35_C0p5_D50,1.8935,0.9097948168842734,0.23178958970753127,1166.3848745899415,1027.0758667817815,289.53876470715045,True,A,NONE
T35_C0p5_D50_1,T35_C0p5_D50,1.823035,0.905752161056833,0.22359923529803405,1118.9203258569958,985.9439351363901,276.1390093090429,True,A,NONE
T35_C0p5_D50_2,T35_C0p5_D50,1.843364,0.9030162035642256,0.1966576685712107,1182.5461286292118,1048.1391175347503,278.86065565303124,True,A,NONE
T35_C0p5_D50_3,T35_C0p5_D50,1.872166,0.9172985600865476,0.20483584258959175,1320.4182583401653,1198.4246215897704,251.6254686060454,True,A,NONE
T35_C0p5_D80_0,T35_C0p5_D80,1.64992,0.870191923541758,0.2840495639073086,515.672201950267,417.7921487507142,203.96405332972722,True,A,NONE
T35_C0p5_D80_1,T35_C0p5_D80,1.6709,0.8590237595206454,0.3200028148907721,393.7439461032777,310.60102610275817,172.80360207752324,True,A,NONE
T35_C0p5_D80_2,T35_C0p5_D80,1.825225,0.8763645294250533,0.2906670581003845,504.68329900633626,415.4107632588432,185.38350639711643,True,A,NONE
T35_C0p5_D80_3,T35_C0p5_D80,1.672728,0.8563187969247372,0.31521908694654743,447.1615418617296,363.8999305319103,172.74684807806125,True,A,NONE
T35_C1_D100_0,T35_C1_D100,1.62657,0.8260663109968995,0.4153593747119655,87.59859202238874,38.24542487067538,101.79640629249604,False,REJECT,RUL_LOWER_BELOW_MIN
T35_C1_D100_1,T35_C1_D100,1.629006,0.817218002508835,0.41841952564009577,16.799302094288237,-42.50069388154043,123.57030003863713,False,REJECT,RUL_LOWER_BELOW_MIN
T35_C1_D100_2,T35_C1_D100,1.516273,0.8391719815725331,0.4056969633617311,62.50031329344279,3.436701390876351,122.75735430519603,False,REJECT,RUL_LOWER_BELOW_MIN
T35_C1_D100_3,T35_C1_D100,1.79522,0.8427649631130129,0.4104474209696096,161.81562208872083,96.93861863892289,134.72370066959934,True,B,NONE
T35_C1_D50_0,T35_C1_D50,1.872967,0.902692775655687,0.20514512469605606,1117.0041693618352,987.1555482151737,269.4031459649966,True,A,NONE
T35_C1_D50_1,T35_C1_D50,1.863042,0.9159984895953178,0.24156979589173666,1042.7756928813235,937.1413720037453,217.88255682619433,True,A,NONE
T35_C1_D50_2,T35_C1_D50,1.712997,0.9094797904529409,0.2192475940507439,1106.1505107367166,962.6061471508392,299.1200890535006,True,A,NONE
T35_C1_D50_3,T35_C1_D50,1.971985,0.9178569924176151,0.22252990486954904,1215.245491175471,1072.3846268964746,296.92091573358834,True,A,NONE
T35_C1_D80_0,T35_C1_D80,1.609525,0.8648069084613823,0.31705850294112126,463.9357440387055,377.5624559024236,179.36292365484906,True,A,NONE
T35_C1_D80_1,T35_C1_D80,1.870049,0.8677781979920974,0.34425072875471163,360.3215043039968,283.0995469408049,160.21608906975757,True,A,NONE
T35_C1_D80_2,T35_C1_D80,1.849078,0.8702727100297407,0.3311858031537831,385.619957863192,318.7067107122873,138.016027874864,True,A,NONE
T35_C1_D80_3,T35_C1_D80,1.634508,0.8807173945548816,0.2902966799148903,557.2069398654444,456.11482089522633,210.6574084386673,True,A,NONE
T35_C2_D100_0,T35_C2_D100,1.605729,0.8058875858062556,0.43304494224383827,-32.15228005248173,-84.33524963714649,108.4566805120096,False,REJECT,RUL_LOWER_BELOW_MIN
T35_C2_D100_1,T35_C2_D100,1.679604,0.80483243319394,0.4263753589729151,-54.537191067096046,-104.02037819542113,102.75687433703422,False,REJECT,RUL_LOWER_BELOW_MIN
T35_C2_D100_2,T35_C2_D100,1.676823,0.8209376371586684,0.44257700336139383,5.826925792506586,-46.740222021214436,109.06357626568865,False,REJECT,RUL_LOWER_BELOW_MIN
T35_C2_D100_3,T35_C2_D100,1.547598,0.8074867412290188,0.3882722775618834,-24.665319277676303,-67.40364773187059,88.1525644384966,False,REJECT,RUL_LOWER_BELOW_MIN
T35_C2_D50_0,T35_C2_D50,1.781265,0.8998828457125017,0.25739856431079655,985.6165789211307,851.3936396663571,279.69595280479916,True,A,NONE
T35_C2_D50_1,T35_C2_D50,1.821723,0.9112013781140365,0.22192847389674908,961.1260383345091,836.7380441503583,258.52704535858174,True,A,NONE
T35_C2_D50_2,T35_C2_D50,1.924208,0.8893979417562785,0.2426343333851495,857.9844785237806,743.5740516422609,237.58489580355194,True,A,NONE
T35_C2_D50_3,T35_C2_D50,1.698622,0.9012368899612286,0.2443308442209995,973.0661300426195,853.2282824351205,248.6333152099403,True,A,NONE
T35_C2_D80_0,T35_C2_D80,1.535206,0.834863575221855,0.35426267281105983,190.45006373213312,135.03665970390523,114.29632009567797,True,B,NONE
T35_C2_D80_1,T35_C2_D80,1.711655,0.8617739557380816,0.36852663645144546,292.61115366931676,211.98140211883606,168.0175930398866,True,B,NONE
T35_C2_D80_2,T35_C2_D80,1.750832,0.8506030581895526,0.35144777233883673,293.45329872976026,217.60087176291825,157.6510977255872,True,B,NONE
T35_C2_D80_3,T35_C2_D80,1.781774,0.8472447856572081,0.37002408422115396,243.93784590110135,173.21772716734245,146.8575242532279,True,B,NONE
T45_C0p5_D100_0,T45_C0p5_D100,1.63048,0.8110474927481118,0.4725465011179295,-41.90588215548007,-91.15325200768598,102.1758741180679,False,REJECT,RUL_LOWER_BELOW_MIN;RESISTANCE_GROWTH_ABOVE_MAX
T45_C0p5_D100_1,T45_C0p5_D100,1.513904,0.799087694351216,0.4992038596123225,-83.97764463319197,-123.22115930031941,80.94412160257377,False,REJECT,RUL_LOWER_BELOW_MIN;RESISTANCE_GROWTH_ABOVE_MAX
T45_C0p5_D100_2,T45_C0p5_D100,1.713263,0.790362745260858,0.4524807458062783,-87.03157793212551,-138.301870762794,106.83787349221609,False,REJECT,RUL_LOWER_BELOW_MIN;RESISTANCE_GROWTH_ABOVE_MAX
T45_C0p5_D100_3,T45_C0p5_D100,1.511599,0.7983172795720476,0.43445077203076377,-42.897619862434794,-94.29947149562008,106.83321100116927,False,REJECT,RUL_LOWER_BELOW_MIN
T45_C0p5_D50_0,T45_C0p5_D50,1.713986,0.889693922546684,0.266351975780752,789.7597735334571,680.2036333232707,227.50447547434896,True,A,NONE
T45_C0p5_D50_1,T45_C0p5_D50,1.784346,0.8995880796434813,0.25492507156086885,986.3910919454693,865.6265040776589,250.55606756122097,True,A,NONE
T45_C0p5_D50_2,T45_C0p5_D50,1.845682,0.8962016305813763,0.24608687423109687,806.0620967773464,714.3754661022972,189.11389170012603,True,A,NONE
T45_C0p5_D50_3,T45_C0p5_D50,1.663813,0.8895614220574543,0.22118792317383762,889.7701123245176,762.9594060594627,264.2502206521501,True,A,NONE
T45_C0p5_D80_0,T45_C0p5_D80,1.760071,0.8424516267994113,0.39476138308178443,158.79932499177028,92.73538661487248,137.30677872372212,True,B,NONE
T45_C0p5_D80_1,T45_C0p5_D80,1.782246,0.8492946037922774,0.3674843863186954,234.6006533671541,164.54488941912325,145.47792392442864,True,B,NONE
T45_C0p5_D80_2,T45_C0p5_D80,1.654181,0.8451047529130955,0.3873840768211665,271.99701405453106,200.91795313505474,147.47112795534588,True,B,NONE
T45_C0p5_D80_3,T45_C0p5_D80,1.763971,0.8608108444429696,0.3223389136012107,272.5579843039287,212.30659944925844,124.27519460903807,True,B,NONE
T45_C1_D100_0,T45_C1_D100,1.584565,0.8027355212741517,0.5024769305488099,-92.30774282530456,-143.17000638928118,105.98761544278534,False,REJECT,RUL_LOWER_BELOW_MIN;RESISTANCE_GROWTH_ABOVE_MAX
T45_C1_D100_1,T45_C1_D100,1.459401,0.7888929100501072,0.47367833313170604,-98.30195050290104,-145.67625921809588,98.46239694091958,False,REJECT,RUL_LOWER_BELOW_MIN;RESISTANCE_GROWTH_ABOVE_MAX
T45_C1_D100_2,T45_C1_D100,1.521594,0.7998238025789899,0.43633864864356053,-114.72467305211808,-159.92543357819636,93.86397964366165,False,REJECT,RUL_LOWER_BELOW_MIN
T45_C1_D100_3,T45_C1_D100,1.55851,0.7807706710652054,0.4888024275369065,-134.60533649478964,-177.40553470992222,88.79961870414195,False,REJECT,RUL_LOWER_BELOW_MIN;RESISTANCE_GROWTH_ABOVE_MAX
T45_C1_D50_0,T45_C1_D50,1.890751,0.8819247615842499,0.2639455258905903,779.0675482174099,688.9714962276075,185.83314593591126,True,A,NONE
T45_C1_D50_1,T45_C1_D50,1.727041,0.885787197114259,0.270073141413524,760.28483122117,643.4877968874614,243.38356754901451,True,A,NONE
T45_C1_D50_2,T45_C1_D50,1.939592,0.8927129176957271,0.2700054225733983,841.5269888037042,725.83308584614,240.45731337496431,True,A,NONE
T45_C1_D50_3,T45_C1_D50,1.701494,0.8748963258338283,0.2690846871239472,700.4171963601787,597.2179100435533,214.30382138095797,True,A,NONE
T45_C1_D80_0,T45_C1_D80,1.614325,0.8232989536671375,0.3285435154278269,152.24832593124802,89.49768885361277,130.1917485972266,True,B,NONE
T45_C1_D80_1,T45_C1_D80,1.666034,0.8442328443960122,0.3987959789152291,156.1840308971639,102.78965753856392,110.1318443745829,True,B,NONE
T45_C1_D80_2,T45_C1_D80,1.59809,0.8452526372327628,0.4178395207836425,197.28279065315598,124.02520484122147,152.6553536795659,True,B,NONE
T45_C1_D80_3,T45_C1_D80,1.73679,0.8297202854831316,0.37167329458550014,164.78126942776225,98.28248168673554,138.21056627992198,True,B,NONE
T45_C2_D100_0,T45_C2_D100,1.380495,0.7687580711536759,0.5425241041876527,-189.10408067427943,-229.0126385137629,82.87418213885951,False,REJECT,RUL_LOWER_BELOW_MIN;RESISTANCE_GROWTH_ABOVE_MAX
T45_C2_D100_1,T45_C2_D100,1.447397,0.7606964954491608,0.5199619259711572,-233.97878354591842,-269.8676393602514,74.46032600180644,False,REJECT,RUL_LOWER_BELOW_MIN;RESISTANCE_GROWTH_ABOVE_MAX
T45_C2_D100_2,T45_C2_D100,1.428867,0.7605277563913033,0.5363065440975698,-225.3419777188003,-256.2559922810876,63.76359954450214,False,REJECT,RUL_LOWER_BELOW_MIN;RESISTANCE_GROWTH_ABOVE_MAX
T45_C2_D100_3,T45_C2_D100,1.449412,0.7815083730806186,0.48090889137011295,-145.657395592331,-192.3938935410339,97.3902776760799,False,REJECT,RUL_LOWER_BELOW_MIN;RESISTANCE_GROWTH_ABOVE_MAX
T45_C2_D50_0,T45_C2_D50,1.623862,0.8699354698385581,0.27415213054376175,611.4828369378492,512.5116826167557,205.7008819073053,True,A,NONE
T45_C2_D50_1,T45_C2_D50,1.833852,0.8704992293513878,0.3015178925575859,567.473784909947,473.73361505759885,194.6610033195741,True,A,NONE
T45_C2_D50_2,T45_C2_D50,1.754014,0.8671588932392056,0.32990493079158645,588.0258582442648,494.9672483050149,193.07314975988083,True,A,NONE
T45_C2_D50_3,T45_C2_D50,1.814947,0.8841168997426,0.3039028397786774,591.6091894606177,512.5585998221447,163.05064912576768,True,A,NONE
T45_C2_D80_0,T45_C2_D80,1.692961,0.8084731658805002,0.4169789924849603,18.710861173076637,-40.73696415701727,123.8783492612464,False,REJECT,RUL_LOWER_BELOW_MIN
T45_C2_D80_1,T45_C2_D80,1.746846,0.8186588183466975,0.4546017151445496,77.93875665671408,17.752867984195632,125.08988566654864,False,REJECT,RUL_LOWER_BELOW_MIN;RESISTANCE_GROWTH_ABOVE_MAX
T45_C2_D80_2,T45_C2_D80,1.5963,0.8180567986526124,0.4329273601423971,-1.651368009598741,-54.897458121628915,110.57092536079529,False,REJECT,RUL_LOWER_BELOW_MIN
T45_C2_D80_3,T45_C2_D80,1.668091,0.8273171365576606,0.43282309703330446,51.46841126781169,-4.273064730768056,115.64950680368315,False,REJECT,RUL_LOWER_BELOW_MIN
baseline_0,baseline,1.660511,0.8807198676993023,0.2616725217357172,666.3647162815907,582.9093651668577,172.13596045909162,True,A,NONE
baseline_1,baseline,1.741049,0.8909043832183106,0.24662117460257438,768.4947587765967,651.0628142784306,244.70660371838608,True,A,NONE
baseline_2,baseline,1.806191,0.8937581848038085,0.23026881667276333,743.7122864811806,635.1288910788992,225.6788894496965,True,A,NONE
baseline_3,baseline,1.888248,0.8925033889877277,0.2297726456049023,732.417157088908,626.9410271733152,219.03191884520265,True,A,NONE
