parameter,level,parameter_value,scenario,final_soh_mean,resistance_growth_mean,critical_fraction
alpha,low,0.0036000000000000003,baseline,0.868195375,0.3478627196570568,0.0
alpha,low,0.0036000000000000003,combined_stress,0.7155677083333333,0.748611674532687,1.0
alpha,low,0.0036000000000000003,high_c_rate,0.85636875,0.38033087917524205,0.0
alpha,low,0.0036000000000000003,high_dod,0.8224465416666668,0.46142156436565934,0.0
alpha,low,0.0036000000000000003,high_temperature,0.8072512499999999,0.5198810398603007,0.16666666666666666
alpha,base,0.004,baseline,0.8535503750000001,0.3478627196570568,0.0
alpha,base,0.004,combined_stress,0.6839641666666666,0.748611674532687,1.0
alpha,base,0.004,high_c_rate,0.8404096249999999,0.38033087917524205,0.0
alpha,base,0.004,high_dod,0.8027185,0.46142156436565934,0.2916666666666667
alpha,base,0.004,high_temperature,0.7858348749999999,0.5198810398603007,0.9583333333333334
alpha,high,0.0044,baseline,0.8389054583333332,0.3478627196570568,0.0
alpha,high,0.0044,combined_stress,0.6523606666666666,0.748611674532687,1.0
alpha,high,0.0044,high_c_rate,0.82445075,0.38033087917524205,0.0
alpha,high,0.0044,high_dod,0.7829904166666667,0.46142156436565934,1.0
alpha,high,0.0044,high_temperature,0.7644184583333334,0.5198810398603007,1.0
beta,low,0.009000000000000001,baseline,0.8535503750000001,0.31340891264794496,0.0
beta,low,0.009000000000000001,combined_stress,0.6839641666666666,0.6751678665090383,1.0
beta,low,0.009000000000000001,high_c_rate,0.8404096249999999,0.342693940200792,0.0
beta,low,0.009000000000000001,high_dod,0.8027185,0.4158188258636763,0.2916666666666667
beta,low,0.009000000000000001,high_temperature,0.7858348749999999,0.4686380106502231,0.9583333333333334
beta,base,0.01,baseline,0.8535503750000001,0.3478627196570568,0.0
beta,base,0.01,combined_stress,0.6839641666666666,0.748611674532687,1.0
beta,base,0.01,high_c_rate,0.8404096249999999,0.38033087917524205,0.0
beta,base,0.01,high_dod,0.8027185,0.46142156436565934,0.2916666666666667
beta,base,0.01,high_temperature,0.7858348749999999,0.5198810398603007,0.9583333333333334
beta,high,0.011000000000000001,baseline,0.8535503750000001,0.38223804822720986,0.0
beta,high,0.011000000000000001,combined_stress,0.6839641666666666,0.8217480183238565,1.0
beta,high,0.011000000000000001,high_c_rate,0.8404096249999999,0.41787643132334695,0.0
beta,high,0.011000000000000001,high_dod,0.8027185,0.5069068664612476,0.2916666666666667
beta,high,0.011000000000000001,high_temperature,0.7858348749999999,0.5709557836090123,0.9583333333333334
k_T,low,0.018000000000000002,baseline,0.8535503750000001,0.3478627196570568,0.0
k_T,low,0.018000000000000002,combined_stress,0.6963561666666668,0.7198496118073523,1.0
k_T,low,0.018000000000000002,high_c_rate,0.8404096249999999,0.38033087917524205,0.0
k_T,low,0.018000000000000002,high_dod,0.8027185,0.46142156436565934,0.2916666666666667
k_T,low,0.018000000000000002,high_temperature,0.7942324583333334,0.4998086454976234,0.7083333333333334
k_T,base,0.02,baseline,0.8535503750000001,0.3478627196570568,0.0
k_T,base,0.02,combined_stress,0.6839641666666666,0.748611674532687,1.0
k_T,base,0.02,high_c_rate,0.8404096249999999,0.38033087917524205,0.0
k_T,base,0.02,high_dod,0.8027185,0.46142156436565934,0.2916666666666667
k_T,base,0.02,high_temperature,0.7858348749999999,0.5198810398603007,0.9583333333333334
k_T,high,0.022000000000000002,baseline,0.8535503750000001,0.3478627196570568,0.0
k_T,high,0.022000000000000002,combined_stress,0.6710665833333334,0.7784962338116092,1.0
k_T,high,0.022000000000000002,high_c_rate,0.8404096249999999,0.38033087917524205,0.0
k_T,high,0.022000000000000002,high_dod,0.8027185,0.46142156436565934,0.2916666666666667
k_T,high,0.022000000000000002,high_temperature,0.777094625,0.540742853062957,1.0
k_C,low,0.09000000000000001,baseline,0.854247875,0.34622324994123943,0.0
k_C,low,0.09000000000000001,combined_stress,0.6880862916666667,0.7390483156629205,1.0
k_C,low,0.09000000000000001,high_c_rate,0.8424914166666667,0.37542673595344755,0.0
k_C,low,0.09000000000000001,high_dod,0.8036579583333333,0.45924861539270867,0.25
k_C,low,0.09000000000000001,high_temperature,0.7868547499999999,0.5174395691225577,0.9166666666666666
k_C,base,0.1,baseline,0.8535503750000001,0.3478627196570568,0.0
k_C,base,0.1,combined_stress,0.6839641666666666,0.748611674532687,1.0
k_C,base,0.1,high_c_rate,0.8404096249999999,0.38033087917524205,0.0
k_C,base,0.1,high_dod,0.8027185,0.46142156436565934,0.2916666666666667
k_C,base,0.1,high_temperature,0.7858348749999999,0.5198810398603007,0.9583333333333334
k_C,high,0.11000000000000001,baseline,0.8528529583333334,0.34950258103541176,0.0
k_C,high,0.11000000000000001,combined_stress,0.6798419583333334,0.7581720098007784,1.0
k_C,high,0.11000000000000001,high_c_rate,0.8383281666666665,0.38523605541148603,0.0
k_C,high,0.11000000000000001,high_dod,0.8017790833333333,0.4635872677540294,0.375
k_C,high,0.11000000000000001,high_temperature,0.7848149583333335,0.5223151307461201,1.0
k_D,low,0.45,baseline,0.8554607083333332,0.34337492330426506,0.0
k_D,low,0.45,combined_stress,0.6902849166666666,0.733948310449008,1.0
k_D,low,0.45,high_c_rate,0.8424914166666667,0.37542673595344755,0.0
k_D,low,0.45,high_dod,0.80666425,0.45231213671416803,0.16666666666666666
k_D,low,0.45,high_temperature,0.7886284166666667,0.5132022070410504,0.875
k_D,base,0.5,baseline,0.8535503750000001,0.3478627196570568,0.0
k_D,base,0.5,combined_stress,0.6839641666666666,0.748611674532687,1.0
k_D,base,0.5,high_c_rate,0.8404096249999999,0.38033087917524205,0.0
k_D,base,0.5,high_dod,0.8027185,0.46142156436565934,0.2916666666666667
k_D,base,0.5,high_temperature,0.7858348749999999,0.5198810398603007,0.9583333333333334
k_D,high,0.55,baseline,0.8516401666666668,0.35235180608251,0.0
k_D,high,0.55,combined_stress,0.677643375,0.7632636294122701,1.0
k_D,high,0.55,high_c_rate,0.8383281666666665,0.38523605541148603,0.0
k_D,high,0.55,high_dod,0.7987729166666666,0.47052934340822566,0.625
k_D,high,0.55,high_temperature,0.7830413749999999,0.5265552689968961,1.0
n_k_EFC,low,630.0,baseline,0.8469469583333332,0.3640261508085567,0.0
n_k_EFC,low,630.0,combined_stress,0.6723005,0.7770126296127392,1.0
n_k_EFC,low,630.0,high_c_rate,0.8332137916666666,0.39800674628118743,0.0
n_k_EFC,low,630.0,high_dod,0.7954374999999999,0.4789262364753659,0.7916666666666666
n_k_EFC,low,630.0,high_temperature,0.7761782083333334,0.5440369273809699,1.0
n_k_EFC,base,700.0,baseline,0.8535503750000001,0.3478627196570568,0.0
n_k_EFC,base,700.0,combined_stress,0.6839641666666666,0.748611674532687,1.0
n_k_EFC,base,700.0,high_c_rate,0.8404096249999999,0.38033087917524205,0.0
n_k_EFC,base,700.0,high_dod,0.8027185,0.46142156436565934,0.2916666666666667
n_k_EFC,base,700.0,high_temperature,0.7858348749999999,0.5198810398603007,0.9583333333333334
n_k_EFC,high,770.0000000000001,baseline,0.8598312083333334,0.33248667429880907,0.0
n_k_EFC,high,770.0000000000001,combined_stress,0.6950579166666667,0.7215983731731143,1.0
n_k_EFC,high,770.0000000000001,high_c_rate,0.8472540416666666,0.36351994682382033,0.0
n_k_EFC,high,770.0000000000001,high_dod,0.809643625,0.444771204577755,0.08333333333333333
n_k_EFC,high,770.0000000000001,high_temperature,0.7950197499999999,0.4969023937382943,0.6666666666666666
sigma_cell,low,0.045000000000000005,baseline,0.85365175,0.3479804174899737,0.0
sigma_cell,low,0.045000000000000005,combined_stress,0.6840109583333334,0.7488918122987508,1.0
sigma_cell,low,0.045000000000000005,high_c_rate,0.8404400000000001,0.3804854162933797,0.0
sigma_cell,low,0.045000000000000005,high_dod,0.8031328750000001,0.4616440489225408,0.25
sigma_cell,low,0.045000000000000005,high_temperature,0.7855550416666667,0.5196867463834732,1.0
sigma_cell,base,0.05,baseline,0.8535503750000001,0.3478627196570568,0.0
sigma_cell,base,0.05,combined_stress,0.6839641666666666,0.748611674532687,1.0
sigma_cell,base,0.05,high_c_rate,0.8404096249999999,0.38033087917524205,0.0
sigma_cell,base,0.05,high_dod,0.8027185,0.46142156436565934,0.2916666666666667
sigma_cell,base,0.05,high_temperature,0.7858348749999999,0.5198810398603007,0.9583333333333334
sigma_cell,high,0.05500000000000001,baseline,0.8534490833333335,0.3477436718219693,0.0
sigma_cell,high,0.05500000000000001,combined_stress,0.6839173333333334,0.7483333162369018,1.0
sigma_cell,high,0.05500000000000001,high_c_rate,0.8403794583333334,0.380178652902371,0.0
sigma_cell,high,0.05500000000000001,high_dod,0.802304,0.461196982797411,0.3333333333333333
sigma_cell,high,0.05500000000000001,high_temperature,0.786114875,0.5200712953603416,0.9166666666666666
